ram,weight,price,touch,intel_cpu,cpu_range_high,cpu_range_mid,storage,ssd,hdd,hybrid,flash,hdd_ssd,chrome,linux,macx,win10,win10_s,win7,mac_os,pixels,gpu_rank,acer,apple,asus,chuwi,dell,fujitsu,google,hp,huawei,lg,lenovo,msi,mediacom,microsoft,razer,toshiba,vero,xiaomi,2_in_1,gaming,notebook,ultrabook,workstation
8,2.36,29696.67,1,1,0,1,2048,0,1,0,0,0,0,0,0,1,0,0,0,1049088,5,0,0,0,0,1,0,0,0,0,0,0,0,0,0,0,0,0,0,0,0,1,0,0
16,1.1,117162.72,1,1,1,0,512,1,0,0,0,0,1,0,0,0,0,0,0,3840000,5,0,0,0,0,0,0,1,0,0,0,0,0,0,0,0,0,0,0,0,0,0,1,0
8,2.5,52054.56,0,1,0,1,1152,1,1,0,0,1,0,0,0,1,0,0,0,2073600,5,0,0,0,0,0,0,0,1,0,0,0,0,0,0,0,0,0,0,0,0,1,0,0
16,2.5,53226.72,0,0,1,0,1536,1,1,0,0,1,0,0,0,1,0,0,0,2073600,4,0,0,0,0,0,0,0,0,0,0,1,0,0,0,0,0,0,0,0,1,0,0,0
4,1.86,19660.32,0,0,0,0,256,1,0,0,0,0,0,0,0,1,0,0,0,1049088,5,0,0,0,0,0,0,0,1,0,0,0,0,0,0,0,0,0,0,0,0,1,0,0
16,1.93,81912.14,0,1,1,0,256,1,0,0,0,0,0,0,0,1,0,0,0,2073600,5,0,0,0,0,1,0,0,0,0,0,0,0,0,0,0,0,0,0,0,0,1,0,0
4,2.1,26053.92,0,0,0,0,1024,0,1,0,0,0,0,0,0,1,0,0,0,2073600,4,0,0,0,0,0,0,0,1,0,0,0,0,0,0,0,0,0,0,0,0,1,0,0
4,2.04,52161.12,0,1,0,1,256,1,0,0,0,0,0,0,0,1,0,0,0,1049088,5,0,0,0,0,0,0,0,1,0,0,0,0,0,0,0,0,0,0,0,0,1,0,0
4,1.86,23373.4,0,1,0,1,500,0,1,0,0,0,0,0,0,1,0,0,0,1049088,4,0,0,0,0,0,0,0,1,0,0,0,0,0,0,0,0,0,0,0,0,1,0,0
4,2.0,18328.32,0,1,0,0,1024,0,1,0,0,0,0,0,0,1,0,0,0,2073600,5,0,0,1,0,0,0,0,0,0,0,0,0,0,0,0,0,0,0,0,0,1,0,0
8,2.2,17529.12,0,1,0,0,1024,0,1,0,0,0,0,0,0,0,0,0,0,1049088,5,0,0,0,0,0,0,0,0,0,0,1,0,0,0,0,0,0,0,0,0,1,0,0
8,2.5,46833.12,0,1,1,0,256,1,0,0,0,0,0,1,0,0,0,0,0,2073600,4,1,0,0,0,0,0,0,0,0,0,0,0,0,0,0,0,0,0,0,0,1,0,0
8,3.0,55357.92,0,1,1,0,1024,0,1,0,0,0,0,0,0,1,0,0,0,2073600,4,0,0,1,0,0,0,0,0,0,0,0,0,0,0,0,0,0,0,0,1,0,0,0
8,1.25,58554.72,0,1,1,0,256,1,0,0,0,0,0,0,0,1,0,0,0,2073600,5,0,0,1,0,0,0,0,0,0,0,0,0,0,0,0,0,0,0,0,0,0,1,0
8,3.35,60153.12,0,1,1,0,1152,1,1,0,0,1,0,0,0,1,0,0,0,2073600,3,0,0,0,0,0,0,0,1,0,0,0,0,0,0,0,0,0,0,0,1,0,0,0
4,2.2,19127.52,0,1,0,0,16,0,0,0,1,0,1,0,0,0,0,0,0,2073600,5,1,0,0,0,0,0,0,0,0,0,0,0,0,0,0,0,0,0,0,0,1,0,0
8,2.1,61005.6,0,1,1,0,1152,1,1,0,0,1,0,0,0,1,0,0,0,2073600,5,0,0,1,0,0,0,0,0,0,0,0,0,0,0,0,0,0,0,0,0,1,0,0
8,1.99,92121.12,0,1,1,0,512,1,0,0,0,0,0,0,0,1,0,0,0,2073600,5,0,0,0,0,0,0,0,0,0,0,1,0,0,0,0,0,0,0,0,0,1,0,0
16,2.5,62817.12,0,1,1,0,1280,1,1,0,0,1,0,0,0,1,0,0,0,2073600,4,0,0,0,0,0,0,0,0,0,0,1,0,0,0,0,0,0,0,0,1,0,0,0
2,1.5,12201.12,0,1,0,0,64,0,0,0,1,0,0,0,0,1,0,0,0,1049088,5,0,0,0,0,0,0,0,0,0,0,1,0,0,0,0,0,0,0,0,0,1,0,0
8,3.2,74538.72,0,1,1,0,1280,1,1,0,0,1,0,0,0,1,0,0,0,2073600,3,0,0,0,0,0,0,0,0,0,0,1,0,0,0,0,0,0,0,0,1,0,0,0
8,2.4,45074.88,0,1,1,0,1024,0,1,0,0,0,0,1,0,0,0,0,0,2073600,4,1,0,0,0,0,0,0,0,0,0,0,0,0,0,0,0,0,0,0,0,1,0,0
4,1.86,15930.72,0,1,0,0,128,1,0,0,0,0,0,0,0,0,0,0,0,1049088,5,0,0,0,0,0,0,0,1,0,0,0,0,0,0,0,0,0,0,0,0,1,0,0
8,1.252,99519.05,1,1,1,0,256,1,0,0,0,0,0,0,0,0,1,0,0,3393024,5,0,0,0,0,0,0,0,0,0,0,0,0,0,1,0,0,0,0,0,0,0,1,0
8,1.58,44574.05,1,1,0,1,256,1,0,0,0,0,0,0,0,1,0,0,0,1049088,5,0,0,0,0,0,0,0,1,0,0,0,0,0,0,0,0,0,0,1,0,0,0,0
4,1.2,63669.6,0,1,0,1,128,1,0,0,0,0,0,0,0,1,0,0,0,2073600,5,0,0,0,0,0,0,0,0,0,0,0,0,0,0,0,1,0,0,0,0,1,0,0
8,1.37,107892.0,1,1,1,0,512,1,0,0,0,0,0,0,0,1,0,0,0,2073600,5,0,0,0,0,0,0,0,0,0,0,1,0,0,0,0,0,0,0,1,0,0,0,0
8,1.65,78055.2,0,1,0,1,256,1,0,0,0,0,0,0,0,0,0,1,0,2073600,5,0,0,0,0,0,0,0,0,0,0,1,0,0,0,0,0,0,0,0,0,1,0,0
8,1.88,84129.12,0,1,0,1,256,1,0,0,0,0,0,0,0,0,0,1,0,2073600,5,0,0,0,0,0,0,0,1,0,0,0,0,0,0,0,0,0,0,0,0,1,0,0
8,1.4,50562.72,0,1,0,1,256,1,0,0,0,0,0,0,0,1,0,0,0,2073600,5,0,0,0,0,0,0,0,0,0,0,1,0,0,0,0,0,0,0,0,0,1,0,0
16,2.06,127818.72,1,1,1,0,1024,1,0,0,0,0,0,0,0,1,0,0,0,8294400,4,0,0,0,0,1,0,0,0,0,0,0,0,0,0,0,0,0,0,0,0,1,0,0
4,1.54,54931.15,0,1,0,1,500,0,1,0,0,0,0,0,0,0,0,1,0,2073600,5,0,0,0,0,0,0,0,1,0,0,0,0,0,0,0,0,0,0,0,0,1,0,0
4,2.2,29073.3,0,1,0,1,1024,0,1,0,0,0,0,0,0,1,0,0,0,1049088,4,0,0,0,0,1,0,0,0,0,0,0,0,0,0,0,0,0,0,0,0,1,0,0
8,0.98,101178.72,1,1,1,0,512,1,0,0,0,0,0,0,0,1,0,0,0,2073600,5,0,0,0,0,0,0,0,0,0,1,0,0,0,0,0,0,0,0,0,0,0,1,0
16,2.8,111834.72,0,1,1,0,1280,1,1,0,0,1,0,0,0,1,0,0,0,2073600,2,0,0,0,0,0,0,0,0,0,0,0,1,0,0,0,0,0,0,0,1,0,0,0
4,2.0,20725.92,0,1,0,1,1024,0,1,0,0,0,0,1,0,0,0,0,0,2073600,5,0,0,1,0,0,0,0,0,0,0,0,0,0,0,0,0,0,0,0,0,1,0,0
2,1.65,10602.72,0,0,0,0,32,0,0,0,1,0,0,0,0,1,0,0,0,1049088,5,0,0,1,0,0,0,0,0,0,0,0,0,0,0,0,0,0,0,0,0,1,0,0
4,2.1,38468.16,0,1,0,1,500,0,1,0,0,0,0,0,0,1,0,0,0,2073600,5,0,0,0,0,0,0,0,1,0,0,0,0,0,0,0,0,0,0,0,0,1,0,0
4,1.252,52693.92,1,1,0,0,128,1,0,0,0,0,0,0,0,0,1,0,0,3393024,5,0,0,0,0,0,0,0,0,0,0,0,0,0,1,0,0,0,0,0,0,0,1,0
8,2.4,46300.32,0,1,1,0,256,1,0,0,0,0,0,0,0,0,0,0,0,2073600,4,0,0,0,0,0,0,0,0,0,0,1,0,0,0,0,0,0,0,0,1,0,0,0
8,2.4,23922.72,0,0,0,1,1024,0,1,0,0,0,0,0,0,1,0,0,0,1049088,4,1,0,0,0,0,0,0,0,0,0,0,0,0,0,0,0,0,0,0,0,1,0,0
4,2.1,21205.44,0,0,0,0,1024,0,1,0,0,0,0,0,0,1,0,0,0,2073600,5,0,0,0,0,0,0,0,1,0,0,0,0,0,0,0,0,0,0,0,0,1,0,0
16,1.83,135195.34,0,1,1,0,512,1,0,0,0,0,0,0,0,0,0,0,1,5184000,4,0,1,0,0,0,0,0,0,0,0,0,0,0,0,0,0,0,0,0,0,0,1,0
4,2.2,38378.65,0,1,1,0,500,0,1,0,0,0,0,0,0,1,0,0,0,1049088,5,0,0,1,0,0,0,0,0,0,0,0,0,0,0,0,0,0,0,0,0,1,0,0
8,1.2,77250.67,0,1,0,1,256,1,0,0,0,0,0,0,0,1,0,0,0,2073600,5,0,0,0,0,1,0,0,0,0,0,0,0,0,0,0,0,0,0,0,0,0,1,0
8,2.4,52693.92,0,1,1,0,1152,1,1,0,0,1,0,0,0,0,0,0,0,2073600,3,0,0,0,0,0,0,0,0,0,0,1,0,0,0,0,0,0,0,0,1,0,0,0
8,1.8,63456.48,0,1,1,0,256,1,0,0,0,0,0,0,0,1,0,0,0,2073600,5,0,0,0,0,0,0,0,0,0,0,1,0,0,0,0,0,0,0,0,0,1,0,0
4,2.8,20193.12,0,0,0,0,500,0,1,0,0,0,0,0,0,1,0,0,0,1440000,5,0,0,0,0,0,0,0,0,0,0,1,0,0,0,0,0,0,0,0,0,1,0,0
4,1.65,18541.44,0,1,0,0,32,0,0,0,1,0,0,0,0,1,0,0,0,1049088,5,0,0,1,0,0,0,0,0,0,0,0,0,0,0,0,0,0,0,0,0,1,0,0
8,1.96,36177.12,0,1,1,0,256,1,0,0,0,0,0,0,0,1,0,0,0,2073600,5,0,0,0,0,0,0,0,1,0,0,0,0,0,0,0,0,0,0,0,0,1,0,0
8,1.1,67932.0,1,1,0,1,128,1,0,0,0,0,1,0,0,0,0,0,0,3840000,5,0,0,0,0,0,0,1,0,0,0,0,0,0,0,0,0,0,0,0,0,0,1,0
4,1.26,84129.12,0,1,0,1,500,0,1,0,0,0,0,0,0,1,0,0,0,2073600,5,0,0,0,0,0,0,0,1,0,0,0,0,0,0,0,0,0,0,0,0,0,1,0
8,2.67,111355.2,0,1,1,0,256,1,0,0,0,0,0,0,0,1,0,0,0,2073600,1,0,0,0,0,0,0,0,0,0,0,1,0,0,0,0,0,0,0,0,0,1,0,0
4,1.8,45128.16,1,1,1,0,256,1,0,0,0,0,0,0,0,1,0,0,0,2073600,5,0,0,0,0,0,0,0,0,0,0,1,0,0,0,0,0,0,0,1,0,0,0,0
8,1.38,59620.32,0,1,1,0,256,1,0,0,0,0,0,0,0,1,0,0,0,2073600,5,0,0,0,0,0,0,0,1,0,0,0,0,0,0,0,0,0,0,0,0,0,1,0
8,1.54,99633.6,0,1,1,0,512,1,0,0,0,0,0,0,0,0,0,1,0,2073600,5,0,0,0,0,0,0,0,1,0,0,0,0,0,0,0,0,0,0,0,0,0,1,0
4,2.3,31168.8,0,1,0,1,500,0,1,0,0,0,0,0,0,1,0,0,0,2073600,4,0,0,0,0,1,0,0,0,0,0,0,0,0,0,0,0,0,0,0,0,1,0,0
8,1.16,90043.2,0,1,0,1,256,1,0,0,0,0,0,0,0,1,0,0,0,2073600,5,0,0,0,0,0,0,0,1,0,0,0,0,0,0,0,0,0,0,0,0,1,0,0
4,2.2,19660.32,0,1,0,0,500,0,1,0,0,0,0,0,0,1,0,0,0,1049088,5,0,0,1,0,0,0,0,0,0,0,0,0,0,0,0,0,0,0,0,0,1,0,0
4,2.4,19276.7,0,1,0,1,500,0,1,0,0,0,0,1,0,0,0,0,0,1049088,5,1,0,0,0,0,0,0,0,0,0,0,0,0,0,0,0,0,0,0,0,1,0,0
4,1.35,18914.4,0,1,0,0,32,0,0,0,1,0,1,0,0,0,0,0,0,1049088,5,1,0,0,0,0,0,0,0,0,0,0,0,0,0,0,0,0,0,0,0,0,0,0
8,1.3,91294.75,1,1,1,0,256,1,0,0,0,0,0,0,0,1,0,0,0,2073600,5,0,0,0,0,0,0,0,0,0,0,1,0,0,0,0,0,0,0,0,0,0,1,0
8,1.38,57489.12,1,1,1,0,256,1,0,0,0,0,0,0,0,1,0,0,0,2073600,5,0,0,0,0,0,0,0,0,0,0,1,0,0,0,0,0,0,0,1,0,0,0,0
8,2.3,42943.15,0,1,1,0,1024,0,1,0,0,0,0,1,0,0,0,0,0,1049088,4,0,0,0,0,1,0,0,0,0,0,0,0,0,0,0,0,0,0,0,0,1,0,0
4,1.71,34578.72,1,1,0,1,1024,0,1,0,0,0,0,0,0,1,0,0,0,2073600,5,0,0,0,0,1,0,0,0,0,0,0,0,0,0,0,0,0,0,1,0,0,0,0
16,1.3,95850.72,1,1,1,0,1024,1,0,0,0,0,0,0,0,1,0,0,0,5760000,5,0,0,0,0,0,0,0,0,0,0,1,0,0,0,0,0,0,0,1,0,0,0,0
4,1.95,64202.4,0,1,0,1,256,1,0,0,0,0,0,0,0,1,0,0,0,2073600,5,0,0,0,0,0,0,0,1,0,0,0,0,0,0,0,0,0,0,0,0,1,0,0
12,3.0,50562.72,0,1,1,0,1024,0,1,0,0,0,0,1,0,0,0,0,0,2073600,4,0,0,1,0,0,0,0,0,0,0,0,0,0,0,0,0,0,0,0,1,0,0,0
4,1.252,58021.92,1,1,0,1,128,1,0,0,0,0,0,0,0,0,1,0,0,3393024,5,0,0,0,0,0,0,0,0,0,0,0,0,0,1,0,0,0,0,0,0,0,1,0
4,1.75,48751.2,0,1,0,1,500,0,1,0,0,0,0,0,0,1,0,0,0,1049088,5,0,0,0,0,0,0,0,0,0,0,0,0,0,0,0,1,0,0,0,0,1,0,0
16,2.3,45768.05,1,1,1,0,1024,0,1,0,0,0,0,0,0,1,0,0,0,2073600,3,0,0,0,0,1,0,0,0,0,0,0,0,0,0,0,0,0,0,0,0,1,0,0
16,1.83,130001.6,0,1,1,0,256,1,0,0,0,0,0,0,0,0,0,0,1,5184000,4,0,1,0,0,0,0,0,0,0,0,0,0,0,0,0,0,0,0,0,0,0,1,0
8,2.2,24455.52,0,1,0,1,2048,0,1,0,0,0,0,0,0,0,0,0,0,1049088,5,0,0,0,0,0,0,0,0,0,0,1,0,0,0,0,0,0,0,0,0,1,0,0
8,2.3,42943.15,0,1,1,0,1024,0,1,0,0,0,0,1,0,0,0,0,0,1049088,4,0,0,0,0,1,0,0,0,0,0,0,0,0,0,0,0,0,0,0,0,1,0,0
8,2.0,58288.32,0,1,1,0,256,1,0,0,0,0,0,0,0,1,0,0,0,2073600,5,0,0,1,0,0,0,0,0,0,0,0,0,0,0,0,0,0,0,0,0,1,0,0
24,1.32,126912.96,0,1,1,0,512,1,0,0,0,0,0,0,0,1,0,0,0,3686400,5,0,0,0,0,0,0,0,0,0,0,1,0,0,0,0,0,0,0,0,0,0,1,0
8,1.1,72354.24,1,1,0,1,256,1,0,0,0,0,0,0,0,1,0,0,0,2073600,5,0,0,1,0,0,0,0,0,0,0,0,0,0,0,0,0,0,0,1,0,0,0,0
16,2.1,61751.52,0,1,1,0,512,1,0,0,0,0,0,0,0,1,0,0,0,2073600,5,0,0,0,0,0,0,0,1,0,0,0,0,0,0,0,0,0,0,0,0,1,0,0
8,2.59,83170.08,0,1,1,0,256,1,0,0,0,0,0,0,0,0,0,1,0,2073600,1,0,0,0,0,0,0,0,1,0,0,0,0,0,0,0,0,0,0,0,0,0,0,1
6,2.4,30316.32,0,1,0,1,128,1,0,0,0,0,0,0,0,1,0,0,0,2073600,5,0,0,0,0,0,0,0,0,0,0,1,0,0,0,0,0,0,0,0,0,1,0,0
4,1.22,10810.51,0,1,0,0,32,0,0,0,1,0,0,0,0,1,0,0,0,2073600,5,0,0,0,0,0,0,0,0,0,0,0,0,0,0,0,0,1,0,0,0,1,0,0
4,2.1,46193.76,1,1,0,1,256,1,0,0,0,0,0,0,0,1,0,0,0,2073600,5,0,0,0,0,0,0,0,0,0,0,1,0,0,0,0,0,0,0,1,0,0,0,0
8,2.5,44701.92,0,1,1,0,1152,1,1,0,0,1,0,0,0,1,0,0,0,2073600,4,0,0,1,0,0,0,0,0,0,0,0,0,0,0,0,0,0,0,0,0,1,0,0
8,1.2,64628.64,0,1,0,1,256,1,0,0,0,0,0,0,0,1,0,0,0,2073600,5,0,0,0,0,0,0,0,0,0,0,0,0,0,0,0,1,0,0,0,0,1,0,0
8,1.2,61218.72,1,1,1,0,256,1,0,0,0,0,0,0,0,1,0,0,0,2073600,5,1,0,0,0,0,0,0,0,0,0,0,0,0,0,0,0,0,0,1,0,0,0,0
16,2.59,46833.65,0,1,1,0,1024,0,1,0,0,0,0,0,0,1,0,0,0,2073600,3,0,0,0,0,1,0,0,0,0,0,0,0,0,0,0,0,0,0,0,1,0,0,0
8,1.38,71874.72,1,1,1,0,256,1,0,0,0,0,0,0,0,1,0,0,0,2073600,5,0,0,0,0,0,0,0,0,0,0,1,0,0,0,0,0,0,0,1,0,0,0,0
8,3.2,69210.72,0,1,1,0,1024,0,1,0,0,0,0,0,0,1,0,0,0,2073600,3,0,0,0,0,0,0,0,0,0,0,1,0,0,0,0,0,0,0,0,1,0,0,0
8,1.91,52161.12,0,1,1,0,1024,0,1,0,0,0,0,0,0,1,0,0,0,2073600,5,0,0,0,0,0,0,0,1,0,0,0,0,0,0,0,0,0,0,0,0,1,0,0
8,1.91,23757.55,0,0,0,0,128,1,0,0,0,0,0,0,0,1,0,0,0,1049088,5,0,0,0,0,0,0,0,1,0,0,0,0,0,0,0,0,0,0,0,0,1,0,0
16,2.3,130269.6,0,1,1,0,512,1,0,0,0,0,0,0,0,1,0,0,0,8294400,5,0,0,0,0,0,0,0,0,0,0,1,0,0,0,0,0,0,0,0,0,0,0,1
8,1.86,30636.0,0,1,0,1,256,1,0,0,0,0,0,0,0,0,0,0,0,2073600,5,0,0,0,0,0,0,0,1,0,0,0,0,0,0,0,0,0,0,0,0,1,0,0
16,2.04,114017.6,0,1,1,0,256,0,0,0,1,0,0,0,1,0,0,0,0,5184000,5,0,1,0,0,0,0,0,0,0,0,0,0,0,0,0,0,0,0,0,0,0,1,0
8,1.48,67559.04,0,1,0,1,256,1,0,0,0,0,0,0,0,1,0,0,0,2073600,5,0,0,0,0,0,0,0,1,0,0,0,0,0,0,0,0,0,0,0,0,1,0,0
8,1.43,80612.64,0,1,0,1,256,1,0,0,0,0,0,0,0,0,0,1,0,2073600,5,0,0,0,0,0,0,0,1,0,0,0,0,0,0,0,0,0,0,0,0,1,0,0
4,1.89,13261.39,0,1,0,0,64,0,0,0,1,0,0,0,0,1,0,0,0,2073600,5,0,0,0,1,0,0,0,0,0,0,0,0,0,0,0,0,0,0,0,0,1,0,0
8,2.62,52480.8,0,1,1,0,256,1,0,0,0,0,0,0,0,1,0,0,0,2073600,4,0,0,0,0,1,0,0,0,0,0,0,0,0,0,0,0,0,0,0,1,0,0,0
4,2.37,21258.19,0,1,0,1,1024,0,1,0,0,0,0,0,0,1,0,0,0,1049088,5,0,0,1,0,0,0,0,0,0,0,0,0,0,0,0,0,0,0,0,0,1,0,0
8,1.2,58341.6,0,1,0,1,256,1,0,0,0,0,0,0,0,1,0,0,0,1049088,5,0,0,0,0,0,0,0,0,0,0,0,0,0,0,0,1,0,0,0,0,0,1,0
8,1.88,69157.44,0,1,1,0,512,1,0,0,0,0,0,0,0,1,0,0,0,2073600,5,0,0,0,0,1,0,0,0,0,0,0,0,0,0,0,0,0,0,0,0,0,1,0
4,1.8,44382.77,1,1,0,1,128,1,0,0,0,0,0,0,0,1,0,0,0,2073600,5,0,0,0,0,0,0,0,0,0,0,1,0,0,0,0,0,0,0,1,0,0,0,0
8,2.0,113752.8,0,1,1,0,256,1,0,0,0,0,0,0,0,1,0,0,0,2073600,1,0,0,0,0,1,0,0,0,0,0,0,0,0,0,0,0,0,0,0,0,0,0,1
4,1.64,51841.44,0,1,0,1,256,1,0,0,0,0,0,0,0,1,0,0,0,1049088,5,0,0,0,0,0,0,0,1,0,0,0,0,0,0,0,0,0,0,0,0,1,0,0
16,1.2,142790.4,1,1,1,0,512,1,0,0,0,0,0,0,0,1,0,0,0,5760000,5,0,0,0,0,1,0,0,0,0,0,0,0,0,0,0,0,0,0,0,0,0,1,0
4,1.86,22324.32,0,1,0,0,128,1,0,0,0,0,0,0,0,1,0,0,0,1049088,5,0,0,1,0,0,0,0,0,0,0,0,0,0,0,0,0,0,0,0,0,1,0,0
8,1.75,55890.72,0,1,0,1,256,1,0,0,0,0,0,0,0,1,0,0,0,2073600,5,0,0,0,0,0,0,0,0,0,0,1,0,0,0,0,0,0,0,0,0,1,0,0
4,2.1,41558.4,0,1,0,1,500,0,1,0,0,0,0,0,0,1,0,0,0,1049088,5,0,0,0,0,0,0,0,0,0,0,0,0,0,0,0,1,0,0,0,0,1,0,0
8,2.3,44222.4,0,1,0,1,256,1,0,0,0,0,0,0,0,1,0,0,0,2073600,5,0,0,0,0,0,0,0,0,0,0,1,0,0,0,0,0,0,0,0,0,1,0,0
8,1.26,122381.5,0,1,1,0,256,1,0,0,0,0,0,0,0,0,0,1,0,2073600,5,0,0,0,0,0,0,0,1,0,0,0,0,0,0,0,0,0,0,0,0,0,1,0
8,2.02,60867.07,0,1,1,0,2304,1,1,0,0,1,0,0,0,1,0,0,0,2073600,4,0,0,0,0,1,0,0,0,0,0,0,0,0,0,0,0,0,0,0,0,1,0,0
4,2.8,26053.92,0,1,0,1,1024,0,1,0,0,0,0,0,0,1,0,0,0,1440000,5,0,0,0,0,0,0,0,0,0,0,1,0,0,0,0,0,0,0,0,0,1,0,0
2,1.1,14652.0,1,1,0,0,32,0,0,0,1,0,0,0,0,1,0,0,0,1049088,5,0,0,1,0,0,0,0,0,0,0,0,0,0,0,0,0,0,0,1,0,0,0,0
8,1.35,58554.72,0,1,0,1,128,0,0,0,1,0,0,0,1,0,0,0,0,1296000,5,0,1,0,0,0,0,0,0,0,0,0,0,0,0,0,0,0,0,0,0,0,1,0
8,1.86,34045.92,0,1,0,1,1024,0,1,0,0,0,0,0,0,1,0,0,0,2073600,5,0,0,0,0,0,0,0,1,0,0,0,0,0,0,0,0,0,0,0,0,1,0,0
4,2.2,30849.12,0,1,0,1,1024,0,1,0,0,0,0,0,0,1,0,0,0,2073600,5,0,0,0,0,0,0,0,0,0,0,1,0,0,0,0,0,0,0,0,0,1,0,0
4,2.8,24828.48,0,1,0,0,1024,0,1,0,0,0,0,0,0,1,0,0,0,1049088,5,0,0,1,0,0,0,0,0,0,0,0,0,0,0,0,0,0,0,0,0,1,0,0
16,1.4,111834.72,1,1,1,0,512,1,0,0,0,0,0,0,0,1,0,0,0,8294400,5,0,0,0,0,0,0,0,0,0,0,1,0,0,0,0,0,0,0,1,0,0,0,0
8,1.58,78854.4,0,1,1,0,256,1,0,0,0,0,0,0,0,1,0,0,0,2073600,5,0,0,0,0,0,0,0,0,0,0,1,0,0,0,0,0,0,0,0,0,1,0,0
4,2.1,26586.72,0,1,0,1,1152,1,1,0,0,1,0,0,0,1,0,0,0,2073600,4,0,0,0,0,0,0,0,1,0,0,0,0,0,0,0,0,0,0,0,0,1,0,0
16,2.43,130482.72,0,1,1,0,2304,1,1,0,0,1,0,0,0,1,0,0,0,2073600,2,0,0,0,0,0,0,0,0,0,0,0,1,0,0,0,0,0,0,0,1,0,0,0
6,1.91,30310.99,0,0,0,1,128,1,0,0,0,0,0,0,0,1,0,0,0,2073600,4,0,0,0,0,0,0,0,1,0,0,0,0,0,0,0,0,0,0,0,0,1,0,0
8,2.69,47472.48,0,1,0,1,756,1,1,0,0,1,0,0,0,1,0,0,0,2073600,4,0,0,1,0,0,0,0,0,0,0,0,0,0,0,0,0,0,0,0,0,1,0,0
4,2.1,24029.28,0,0,0,0,256,1,0,0,0,0,0,0,0,1,0,0,0,1049088,4,1,0,0,0,0,0,0,0,0,0,0,0,0,0,0,0,0,0,0,0,1,0,0
8,1.48,111301.92,0,1,1,0,512,1,0,0,0,0,0,0,0,1,0,0,0,2073600,5,0,0,0,0,0,0,0,1,0,0,0,0,0,0,0,0,0,0,0,0,0,1,0
4,2.1,25414.03,0,1,0,1,500,0,1,0,0,0,0,0,0,0,0,0,0,1049088,5,0,0,0,0,0,0,0,1,0,0,0,0,0,0,0,0,0,0,0,0,1,0,0
8,2.8,28717.92,0,1,0,1,1024,0,1,0,0,0,0,0,0,0,0,0,0,1440000,5,0,0,0,0,0,0,0,0,0,0,1,0,0,0,0,0,0,0,0,0,1,0,0
8,2.2,50562.72,0,1,1,0,1024,0,1,0,0,0,0,0,0,1,0,0,0,2073600,4,0,0,1,0,0,0,0,0,0,0,0,0,0,0,0,0,0,0,0,1,0,0,0
8,1.32,95850.72,0,1,0,1,256,1,0,0,0,0,0,0,0,1,0,0,0,2073600,5,0,0,0,0,0,0,0,0,0,0,1,0,0,0,0,0,0,0,0,0,0,1,0
16,1.29,95850.72,1,1,1,0,512,1,0,0,0,0,0,0,0,1,0,0,0,8294400,5,0,0,0,0,0,0,0,0,0,0,0,0,0,0,1,0,0,0,0,0,0,1,0
16,1.47,93985.92,0,1,1,0,512,1,0,0,0,0,0,0,0,1,0,0,0,2073600,5,0,0,0,0,0,0,0,0,0,0,0,0,0,0,0,1,0,0,0,0,0,1,0
8,1.84,64948.32,0,1,1,0,256,1,0,0,0,0,0,0,0,1,0,0,0,2073600,5,0,0,0,0,0,0,0,1,0,0,0,0,0,0,0,0,0,0,0,0,1,0,0
16,1.22,101178.72,1,1,1,0,512,1,0,0,0,0,0,0,0,1,0,0,0,5760000,5,0,0,0,0,1,0,0,0,0,0,0,0,0,0,0,0,0,0,1,0,0,0,0
4,2.0,23922.72,0,1,0,0,1024,0,1,0,0,0,0,0,0,1,0,0,0,1049088,5,0,0,1,0,0,0,0,0,0,0,0,0,0,0,0,0,0,0,0,0,1,0,0
8,2.29,24455.52,0,1,0,1,1024,0,1,0,0,0,0,0,0,1,0,0,0,1049088,5,0,0,0,0,0,0,0,0,0,0,1,0,0,0,0,0,0,0,0,0,1,0,0
16,1.8,122490.72,0,1,1,0,2304,1,1,0,0,1,0,0,0,1,0,0,0,8294400,3,0,0,0,0,0,0,0,0,0,0,0,1,0,0,0,0,0,0,0,1,0,0,0
8,2.31,81731.52,0,1,1,0,512,1,0,0,0,0,0,0,0,1,0,0,0,2073600,5,0,0,0,0,0,0,0,1,0,0,0,0,0,0,0,0,0,0,0,0,0,0,1
8,2.2,24455.52,0,1,0,1,1024,0,1,0,0,0,0,0,0,1,0,0,0,1049088,5,0,0,0,0,0,0,0,0,0,0,1,0,0,0,0,0,0,0,0,0,1,0,0
8,2.7,75071.52,0,1,1,0,1152,1,1,0,0,1,0,0,0,1,0,0,0,2073600,3,0,0,0,0,0,0,0,0,0,0,0,1,0,0,0,0,0,0,0,1,0,0,0
4,1.48,58607.47,0,1,0,1,256,1,0,0,0,0,0,0,0,1,0,0,0,1049088,5,0,0,0,0,0,0,0,1,0,0,0,0,0,0,0,0,0,0,0,0,1,0,0
12,2.2,47898.72,0,0,0,1,2048,0,1,0,0,0,0,0,0,1,0,0,0,2073600,4,0,0,0,0,0,0,0,0,0,0,1,0,0,0,0,0,0,0,0,0,1,0,0
8,1.6,90043.2,0,1,1,0,256,1,0,0,0,0,0,0,0,1,0,0,0,2073600,5,0,0,0,0,1,0,0,0,0,0,0,0,0,0,0,0,0,0,0,0,0,1,0
8,1.9,49816.8,0,1,0,1,500,0,1,0,0,0,0,0,0,1,0,0,0,2073600,5,0,0,0,0,1,0,0,0,0,0,0,0,0,0,0,0,0,0,0,0,1,0,0
8,1.21,85194.72,1,1,0,1,128,1,0,0,0,0,0,0,0,1,0,0,0,8294400,5,0,0,0,0,1,0,0,0,0,0,0,0,0,0,0,0,0,0,0,0,0,1,0
8,2.5,41771.52,0,1,0,1,1024,0,1,0,0,0,0,0,0,1,0,0,0,1049088,3,0,0,0,0,1,0,0,0,0,0,0,0,0,0,0,0,0,0,0,0,1,0,0
8,2.0,31003.63,0,1,0,0,128,1,0,0,0,0,0,0,0,1,0,0,0,2073600,5,0,0,1,0,0,0,0,0,0,0,0,0,0,0,0,0,0,0,0,0,1,0,0
4,1.2,63669.6,0,1,0,1,128,1,0,0,0,0,0,0,0,0,0,1,0,2073600,5,0,0,0,0,0,0,0,0,0,0,0,0,0,0,0,1,0,0,0,0,1,0,0
8,1.4,50136.48,0,1,0,1,256,1,0,0,0,0,0,0,0,1,0,0,0,2073600,5,0,0,1,0,0,0,0,0,0,0,0,0,0,0,0,0,0,0,0,0,1,0,0
8,2.24,71341.92,0,1,1,0,1152,1,1,0,0,1,0,0,0,1,0,0,0,2073600,3,0,0,1,0,0,0,0,0,0,0,0,0,0,0,0,0,0,0,0,1,0,0,0
8,1.5,45128.16,1,1,0,1,256,1,0,0,0,0,0,0,0,1,0,0,0,2073600,5,1,0,0,0,0,0,0,0,0,0,0,0,0,0,0,0,0,0,1,0,0,0,0
6,2.04,29303.47,0,0,0,0,1024,0,0,1,0,0,0,0,0,1,0,0,0,2073600,3,0,0,0,0,0,0,0,1,0,0,0,0,0,0,0,0,0,0,0,0,1,0,0
8,1.9,43580.38,0,1,0,1,1152,1,1,0,0,1,0,0,0,1,0,0,0,2073600,4,0,0,0,0,0,0,0,0,0,0,1,0,0,0,0,0,0,0,0,0,1,0,0
4,1.5,15238.08,0,1,0,0,32,0,0,0,1,0,0,0,0,1,0,0,0,1049088,5,0,0,1,0,0,0,0,0,0,0,0,0,0,0,0,0,0,0,0,0,1,0,0
8,1.25,54825.12,1,1,1,0,256,1,0,0,0,0,0,0,0,1,0,0,0,8294400,5,0,0,0,0,0,0,0,0,0,0,0,0,0,0,1,0,0,0,0,0,0,1,0
8,2.2,29250.72,0,1,0,1,2048,0,1,0,0,0,0,0,0,0,0,0,0,1049088,5,0,0,0,0,0,0,0,0,0,0,1,0,0,0,0,0,0,0,0,0,1,0,0
8,2.2,54757.99,0,1,1,0,256,1,0,0,0,0,0,0,0,1,0,0,0,2073600,4,0,0,0,0,0,0,0,0,0,0,0,1,0,0,0,0,0,0,0,1,0,0,0
16,2.9,103842.72,0,1,1,0,1280,1,1,0,0,1,0,0,0,1,0,0,0,2073600,3,0,0,1,0,0,0,0,0,0,0,0,0,0,0,0,0,0,0,0,1,0,0,0
4,1.5,29250.72,0,1,0,1,128,1,0,0,0,0,0,0,0,1,0,0,0,2073600,5,0,0,0,0,0,0,0,0,0,0,1,0,0,0,0,0,0,0,0,0,1,0,0
8,1.91,31381.92,0,1,0,1,128,1,0,0,0,0,0,0,0,1,0,0,0,1049088,5,0,0,0,0,0,0,0,1,0,0,0,0,0,0,0,0,0,0,0,0,1,0,0
4,1.85,41505.12,0,1,1,0,1024,0,1,0,0,0,0,0,0,1,0,0,0,2073600,5,0,0,0,0,0,0,0,0,0,0,1,0,0,0,0,0,0,0,0,0,1,0,0
16,1.16,104695.2,1,1,0,0,512,1,0,0,0,0,0,0,0,1,0,0,0,5760000,5,0,0,0,0,0,0,0,1,0,0,0,0,0,0,0,0,0,0,0,0,0,1,0
8,1.29,47898.72,1,1,0,1,128,1,0,0,0,0,0,0,0,1,0,0,0,2073600,5,0,0,0,0,1,0,0,0,0,0,0,0,0,0,0,0,0,0,0,0,0,1,0
4,1.86,25840.8,0,1,0,1,500,0,1,0,0,0,0,0,0,1,0,0,0,1049088,5,0,0,0,0,0,0,0,1,0,0,0,0,0,0,0,0,0,0,0,0,1,0,0
8,1.3,53274.67,0,1,0,1,256,1,0,0,0,0,0,0,0,0,0,0,0,2073600,5,0,0,0,0,0,0,0,0,0,0,0,0,0,0,0,0,0,1,0,0,0,1,0
8,1.23,58554.72,1,1,0,1,256,1,0,0,0,0,0,1,0,0,0,0,0,5760000,5,0,0,0,0,1,0,0,0,0,0,0,0,0,0,0,0,0,0,0,0,0,1,0
4,1.4,23176.8,0,1,0,0,128,1,0,0,0,0,0,0,0,1,0,0,0,1049088,5,1,0,0,0,0,0,0,0,0,0,0,0,0,0,0,0,0,0,0,0,0,0,0
4,1.63,38468.16,0,1,0,1,500,0,1,0,0,0,0,0,0,1,0,0,0,1049088,5,0,0,0,0,0,0,0,1,0,0,0,0,0,0,0,0,0,0,0,0,1,0,0
8,1.9,49976.64,0,1,0,1,256,1,0,0,0,0,0,0,0,1,0,0,0,2073600,5,0,0,0,0,0,0,0,0,0,0,1,0,0,0,0,0,0,0,0,0,1,0,0
8,2.0,90522.72,1,1,1,0,512,1,0,0,0,0,0,0,0,1,0,0,0,2073600,4,0,0,0,0,0,0,0,0,0,0,1,0,0,0,0,0,0,0,1,0,0,0,0
4,1.75,54345.6,0,1,0,1,128,1,0,0,0,0,0,0,0,1,0,0,0,1049088,5,0,0,0,0,0,0,0,0,0,0,0,0,0,0,0,1,0,0,0,0,1,0,0
16,3.21,109277.28,0,1,1,0,1152,1,1,0,0,1,0,0,0,1,0,0,0,2073600,3,0,0,0,0,1,0,0,0,0,0,0,0,0,0,0,0,0,0,0,1,0,0,0
16,1.14,130536.0,0,1,1,0,512,1,0,0,0,0,0,0,0,1,0,0,0,2073600,5,0,0,0,0,0,0,0,0,0,0,1,0,0,0,0,0,0,0,0,0,0,1,0
16,3.0,80133.12,0,1,1,0,1280,1,1,0,0,1,0,0,0,1,0,0,0,2073600,4,0,0,1,0,0,0,0,0,0,0,0,0,0,0,0,0,0,0,0,1,0,0,0
8,1.2,60153.12,0,1,0,1,256,1,0,0,0,0,0,0,0,1,0,0,0,5760000,5,0,0,1,0,0,0,0,0,0,0,0,0,0,0,0,0,0,0,0,0,0,1,0
6,2.2,30849.12,0,1,0,1,256,1,0,0,0,0,0,0,0,1,0,0,0,2073600,5,0,0,0,0,0,0,0,0,0,0,1,0,0,0,0,0,0,0,0,0,1,0,0
8,2.18,44542.08,0,1,0,1,1024,0,1,0,0,0,0,0,0,1,0,0,0,2073600,5,0,0,0,0,1,0,0,0,0,0,0,0,0,0,0,0,0,0,0,0,1,0,0
4,2.1,33110.86,0,1,0,1,2048,0,1,0,0,0,0,0,0,1,0,0,0,2073600,5,0,0,0,0,0,0,0,0,0,0,1,0,0,0,0,0,0,0,0,0,1,0,0
8,2.8,57808.8,0,1,0,1,1152,1,1,0,0,1,0,0,0,1,0,0,0,2073600,4,0,0,0,0,1,0,0,0,0,0,0,0,0,0,0,0,0,0,0,0,1,0,0
8,1.32,79866.72,0,1,0,1,256,1,0,0,0,0,0,0,0,1,0,0,0,2073600,5,0,0,0,0,0,0,0,0,0,0,1,0,0,0,0,0,0,0,0,0,0,1,0
4,2.8,28185.12,0,1,0,1,500,0,1,0,0,0,0,0,0,0,0,0,0,2073600,5,0,0,0,0,0,0,0,0,0,0,1,0,0,0,0,0,0,0,0,0,1,0,0
8,2.3,53918.83,0,1,0,1,256,1,0,0,0,0,0,0,0,1,0,0,0,2073600,5,0,0,0,0,0,0,0,0,0,0,1,0,0,0,0,0,0,0,0,0,1,0,0
8,2.8,37189.44,0,1,0,1,256,1,0,0,0,0,0,0,0,0,0,0,0,1440000,5,0,0,0,0,0,0,0,0,0,0,1,0,0,0,0,0,0,0,0,0,1,0,0
4,2.1,32074.56,0,1,0,1,500,0,1,0,0,0,0,0,0,1,0,0,0,1049088,5,0,0,0,0,0,0,0,0,0,0,0,0,0,0,0,1,0,0,0,0,1,0,0
4,2.4,15397.92,0,1,0,0,500,0,1,0,0,0,0,1,0,0,0,0,0,1049088,5,1,0,0,0,0,0,0,0,0,0,0,0,0,0,0,0,0,0,0,0,1,0,0
4,2.1,15877.44,0,1,0,0,1024,0,1,0,0,0,0,1,0,0,0,0,0,1049088,5,1,0,0,0,0,0,0,0,0,0,0,0,0,0,0,0,0,0,0,0,1,0,0
6,1.5,34046.45,1,1,0,1,1024,0,1,0,0,0,0,0,0,1,0,0,0,2073600,5,0,0,1,0,0,0,0,0,0,0,0,0,0,0,0,0,0,0,1,0,0,0,0
4,2.2,21258.72,0,0,0,0,128,1,0,0,0,0,0,0,0,1,0,0,0,2073600,5,0,0,0,0,0,0,0,0,0,0,1,0,0,0,0,0,0,0,0,0,1,0,0
8,2.3,31435.2,0,1,0,1,128,0,1,0,0,0,0,0,0,1,0,0,0,2073600,5,0,0,1,0,0,0,0,0,0,0,0,0,0,0,0,0,0,0,0,0,1,0,0
8,2.75,74538.72,0,1,1,0,1152,1,1,0,0,1,0,0,0,1,0,0,0,2073600,3,0,0,0,0,0,0,0,1,0,0,0,0,0,0,0,0,0,0,0,1,0,0,0
4,2.1,27652.32,0,1,0,1,1024,0,1,0,0,0,0,1,0,0,0,0,0,2073600,5,0,0,1,0,0,0,0,0,0,0,0,0,0,0,0,0,0,0,0,0,1,0,0
4,1.89,13053.07,0,1,0,0,64,0,0,0,1,0,0,0,0,1,0,0,0,2073600,5,0,0,0,1,0,0,0,0,0,0,0,0,0,0,0,0,0,0,0,0,1,0,0
8,1.9,53733.95,0,1,0,1,500,0,1,0,0,0,0,0,0,1,0,0,0,1049088,5,0,0,0,0,1,0,0,0,0,0,0,0,0,0,0,0,0,0,0,0,1,0,0
4,2.2,16463.52,0,0,0,0,500,0,1,0,0,0,0,0,0,0,0,0,0,1049088,5,0,0,0,0,0,0,0,0,0,0,1,0,0,0,0,0,0,0,0,0,1,0,0
8,1.37,104370.19,0,1,0,1,512,1,0,0,0,0,0,0,0,0,0,0,1,4096000,5,0,1,0,0,0,0,0,0,0,0,0,0,0,0,0,0,0,0,0,0,0,1,0
8,2.0,50243.04,0,1,0,1,256,1,0,0,0,0,0,0,0,1,0,0,0,2073600,5,0,0,0,0,0,0,0,0,0,0,0,0,0,0,0,1,0,0,0,0,1,0,0
8,1.05,89084.16,0,1,0,1,256,1,0,0,0,0,0,0,0,1,0,0,0,2073600,5,0,0,0,0,0,0,0,0,0,0,0,0,0,0,0,1,0,0,0,0,1,0,0
4,2.6,26053.92,0,0,0,1,128,1,0,0,0,0,0,0,0,1,0,0,0,1440000,4,0,0,0,0,0,0,0,0,0,0,1,0,0,0,0,0,0,0,0,0,1,0,0
8,2.0,50349.6,0,1,0,1,256,1,0,0,0,0,0,0,0,1,0,0,0,2073600,5,0,0,1,0,0,0,0,0,0,0,0,0,0,0,0,0,0,0,0,0,1,0,0
8,2.3,43636.32,0,1,0,1,1152,1,1,0,0,1,0,0,0,1,0,0,0,2073600,5,0,0,0,0,0,0,0,0,0,0,1,0,0,0,0,0,0,0,0,0,1,0,0
8,2.7,63499.1,0,1,1,0,1152,1,1,0,0,1,0,0,0,1,0,0,0,2073600,4,0,0,0,0,0,0,0,0,0,0,0,1,0,0,0,0,0,0,0,1,0,0,0
8,1.91,38308.32,0,1,1,0,256,1,0,0,0,0,0,0,0,1,0,0,0,2073600,4,0,0,0,0,0,0,0,1,0,0,0,0,0,0,0,0,0,0,0,0,1,0,0
4,1.2,18115.2,0,1,0,0,64,0,0,0,1,0,0,0,0,0,1,0,0,1049088,5,0,0,1,0,0,0,0,0,0,0,0,0,0,0,0,0,0,0,0,0,0,0,0
8,1.8,109244.25,1,1,1,0,512,1,0,0,0,0,0,0,0,0,0,1,0,2073600,1,0,0,0,0,0,0,0,0,0,0,1,0,0,0,0,0,0,0,1,0,0,0,0
8,2.3,71874.72,0,1,0,1,256,1,0,0,0,0,0,0,0,1,0,0,0,2073600,5,0,0,0,0,0,0,0,0,0,0,1,0,0,0,0,0,0,0,0,0,1,0,0
4,1.75,26586.72,0,1,0,0,128,1,0,0,0,0,0,0,0,1,0,0,0,1049088,5,0,0,0,0,0,0,0,0,0,0,0,0,0,0,0,1,0,0,0,0,1,0,0
4,1.95,56476.8,0,1,0,1,500,0,1,0,0,0,0,0,0,1,0,0,0,1049088,5,0,0,0,0,0,0,0,1,0,0,0,0,0,0,0,0,0,0,0,0,1,0,0
4,2.1,26533.44,0,1,0,1,128,1,0,0,0,0,0,0,0,1,0,0,0,1049088,5,0,0,0,0,0,0,0,0,0,0,0,0,0,0,0,1,0,0,0,0,1,0,0
8,2.09,55754.32,0,1,0,1,500,0,1,0,0,0,0,0,0,1,0,0,0,2073600,5,0,0,0,0,1,0,0,0,0,0,0,0,0,0,0,0,0,0,0,0,1,0,0
4,1.76,31168.8,0,1,0,1,500,0,1,0,0,0,0,0,0,1,0,0,0,1049088,5,0,0,0,0,1,0,0,0,0,0,0,0,0,0,0,0,0,0,0,0,1,0,0
8,1.6,60031.11,0,1,0,1,256,1,0,0,0,0,0,0,0,1,0,0,0,1049088,5,0,0,0,0,1,0,0,0,0,0,0,0,0,0,0,0,0,0,0,0,1,0,0
4,1.9,29250.72,0,1,0,1,1024,0,1,0,0,0,0,0,0,1,0,0,0,2073600,5,0,0,0,0,0,0,0,0,0,0,1,0,0,0,0,0,0,0,0,0,1,0,0
8,1.36,78438.82,1,1,0,1,256,1,0,0,0,0,0,0,0,1,0,0,0,2073600,5,0,0,0,0,1,0,0,0,0,0,0,0,0,0,0,0,0,0,0,0,0,1,0
8,1.98,51202.08,0,1,1,0,1024,0,1,0,0,0,0,0,0,1,0,0,0,2073600,5,0,0,0,0,1,0,0,0,0,0,0,0,0,0,0,0,0,0,0,0,1,0,0
4,2.18,23650.99,0,1,0,1,1024,0,1,0,0,0,0,1,0,0,0,0,0,1049088,5,0,0,0,0,1,0,0,0,0,0,0,0,0,0,0,0,0,0,0,0,1,0,0
2,2.2,20193.12,0,1,0,0,500,0,1,0,0,0,0,0,0,1,0,0,0,1049088,5,0,0,0,0,1,0,0,0,0,0,0,0,0,0,0,0,0,0,0,0,1,0,0
4,1.9,19607.04,0,1,0,1,1024,0,1,0,0,0,0,0,0,0,0,0,0,1049088,4,0,0,0,0,0,0,0,0,0,0,1,0,0,0,0,0,0,0,0,0,1,0,0
4,1.44,15557.76,0,1,0,0,32,0,0,0,1,0,0,0,0,1,0,0,0,1049088,5,0,0,0,0,0,0,0,0,0,0,1,0,0,0,0,0,0,0,0,0,1,0,0
8,2.8,58554.72,0,1,1,0,1152,1,1,0,0,1,0,1,0,0,0,0,0,2073600,4,0,0,0,0,1,0,0,0,0,0,0,0,0,0,0,0,0,0,0,0,1,0,0
16,1.3,79866.72,1,1,1,0,512,1,0,0,0,0,0,0,0,1,0,0,0,5760000,5,0,0,0,0,0,0,0,0,0,0,1,0,0,0,0,0,0,0,1,0,0,0,0
8,1.54,100550.55,0,1,1,0,256,1,0,0,0,0,0,0,0,1,0,0,0,2073600,5,0,0,0,0,0,0,0,1,0,0,0,0,0,0,0,0,0,0,0,0,0,1,0
8,1.84,60952.32,0,1,0,1,256,1,0,0,0,0,0,0,0,1,0,0,0,2073600,5,0,0,0,0,0,0,0,1,0,0,0,0,0,0,0,0,0,0,0,0,1,0,0
4,1.93,51095.52,0,1,0,1,500,0,1,0,0,0,0,0,0,1,0,0,0,1049088,5,0,0,0,0,1,0,0,0,0,0,0,0,0,0,0,0,0,0,0,0,1,0,0
4,2.1,20779.2,0,1,0,1,1024,0,1,0,0,0,0,1,0,0,0,0,0,1049088,5,1,0,0,0,0,0,0,0,0,0,0,0,0,0,0,0,0,0,0,0,1,0,0
4,2.3,31909.39,0,1,0,1,256,1,0,0,0,0,0,1,0,0,0,0,0,2073600,4,0,0,0,0,1,0,0,0,0,0,0,0,0,0,0,0,0,0,0,0,1,0,0
4,3.0,37402.56,0,1,0,1,256,1,0,0,0,0,0,0,0,1,0,0,0,2073600,5,1,0,0,0,0,0,0,0,0,0,0,0,0,0,0,0,0,0,0,0,1,0,0
4,2.3,36486.14,1,1,0,1,500,0,1,0,0,0,0,0,0,1,0,0,0,1049088,5,0,0,0,0,0,0,0,1,0,0,0,0,0,0,0,0,0,0,1,0,0,0,0
2,1.1,13053.6,0,1,0,0,32,0,0,0,1,0,0,0,0,1,0,0,0,1049088,5,0,0,1,0,0,0,0,0,0,0,0,0,0,0,0,0,0,0,0,0,0,0,0
4,1.8,33886.08,0,1,0,1,128,1,0,0,0,0,0,0,0,1,0,0,0,2073600,5,1,0,0,0,0,0,0,0,0,0,0,0,0,0,0,0,0,0,0,0,1,0,0
32,2.06,140605.92,1,1,1,0,1024,1,0,0,0,0,0,0,0,1,0,0,0,8294400,4,0,0,0,0,1,0,0,0,0,0,0,0,0,0,0,0,0,0,0,0,1,0,0
8,0.92,68145.12,0,1,0,0,512,0,0,0,1,0,0,0,1,0,0,0,0,3317760,5,0,1,0,0,0,0,0,0,0,0,0,0,0,0,0,0,0,0,0,0,0,1,0
16,2.09,62817.12,1,1,1,0,512,1,0,0,0,0,0,0,0,1,0,0,0,2073600,5,0,0,0,0,1,0,0,0,0,0,0,0,0,0,0,0,0,0,1,0,0,0,0
8,2.18,38041.39,0,1,0,1,128,1,0,0,0,0,0,0,0,1,0,0,0,1049088,5,0,0,0,0,1,0,0,0,0,0,0,0,0,0,0,0,0,0,0,0,1,0,0
4,2.08,42410.35,1,1,0,1,1024,0,1,0,0,0,0,0,0,1,0,0,0,2073600,5,0,0,0,0,1,0,0,0,0,0,0,0,0,0,0,0,0,0,1,0,0,0,0
16,1.4,79866.72,0,1,1,0,512,1,0,0,0,0,0,0,0,1,0,0,0,2073600,5,0,0,0,0,0,0,0,0,0,0,1,0,0,0,0,0,0,0,0,0,1,0,0
16,3.2,82530.72,0,0,0,0,1280,1,1,0,0,1,0,0,0,1,0,0,0,2073600,4,0,0,1,0,0,0,0,0,0,0,0,0,0,0,0,0,0,0,0,1,0,0,0
16,2.6,71874.72,0,1,1,0,1152,1,1,0,0,1,0,0,0,1,0,0,0,2073600,4,0,0,0,0,1,0,0,0,0,0,0,0,0,0,0,0,0,0,0,1,0,0,0
8,2.5,62284.32,0,1,1,0,1024,0,1,0,0,0,0,0,0,0,0,0,0,2073600,4,0,0,1,0,0,0,0,0,0,0,0,0,0,0,0,0,0,0,0,1,0,0,0
8,2.1,20725.92,0,1,0,1,1024,0,1,0,0,0,0,0,0,1,0,0,0,1049088,5,1,0,0,0,0,0,0,0,0,0,0,0,0,0,0,0,0,0,0,0,1,0,0
4,2.2,25840.8,0,1,0,1,256,1,0,0,0,0,0,1,0,0,0,0,0,2073600,4,0,0,0,0,1,0,0,0,0,0,0,0,0,0,0,0,0,0,0,0,1,0,0
12,2.2,32447.52,1,1,1,0,1024,0,1,0,0,0,0,0,0,1,0,0,0,1049088,5,0,0,0,0,0,0,0,0,0,0,1,0,0,0,0,0,0,0,0,0,1,0,0
8,1.35,53173.44,0,1,0,1,256,0,0,0,1,0,0,0,1,0,0,0,0,1296000,5,0,1,0,0,0,0,0,0,0,0,0,0,0,0,0,0,0,0,0,0,0,1,0
4,2.4,85194.72,0,1,0,1,128,1,0,0,0,0,0,0,0,0,0,1,0,1049088,5,0,0,0,0,0,0,0,1,0,0,0,0,0,0,0,0,0,0,0,0,0,0,0
4,1.88,49656.96,0,1,0,1,500,0,1,0,0,0,0,0,0,0,0,1,0,1049088,5,0,0,0,0,0,0,0,1,0,0,0,0,0,0,0,0,0,0,0,0,1,0,0
8,2.16,67239.36,0,1,1,0,512,1,0,0,0,0,0,0,0,1,0,0,0,2073600,5,0,0,0,0,1,0,0,0,0,0,0,0,0,0,0,0,0,0,0,0,1,0,0
8,1.79,39427.2,0,1,0,1,128,1,0,0,0,0,0,0,0,1,0,0,0,1049088,5,0,0,0,0,1,0,0,0,0,0,0,0,0,0,0,0,0,0,0,0,1,0,0
4,2.25,22803.84,0,1,0,1,1024,0,1,0,0,0,0,1,0,0,0,0,0,2073600,4,0,0,0,0,1,0,0,0,0,0,0,0,0,0,0,0,0,0,0,0,1,0,0
8,1.6,61218.72,0,1,0,1,256,1,0,0,0,0,0,0,0,1,0,0,0,2073600,5,0,0,0,0,1,0,0,0,0,0,0,0,0,0,0,0,0,0,0,0,0,1,0
16,2.94,120831.58,0,1,1,0,1280,1,1,0,0,1,0,0,0,1,0,0,0,2073600,2,0,0,0,0,0,0,0,0,0,0,0,1,0,0,0,0,0,0,0,1,0,0,0
8,1.05,78588.0,0,1,0,1,256,1,0,0,0,0,0,0,0,1,0,0,0,2073600,5,0,0,0,0,0,0,0,0,0,0,0,0,0,0,0,1,0,0,0,0,1,0,0
8,2.0,21258.72,0,1,0,0,1024,0,1,0,0,0,0,0,0,1,0,0,0,1049088,5,0,0,1,0,0,0,0,0,0,0,0,0,0,0,0,0,0,0,0,0,1,0,0
12,2.2,36975.79,0,1,0,1,1024,0,1,0,0,0,0,0,0,1,0,0,0,1049088,5,1,0,0,0,0,0,0,0,0,0,0,0,0,0,0,0,0,0,0,0,1,0,0
8,1.36,87912.0,0,1,1,0,256,1,0,0,0,0,0,0,0,1,0,0,0,2073600,5,0,0,0,0,0,0,0,0,0,0,1,0,0,0,0,0,0,0,0,0,0,1,0
8,1.88,58403.4,0,1,0,1,256,1,0,0,0,0,0,0,0,1,0,0,0,2073600,5,0,0,0,0,1,0,0,0,0,0,0,0,0,0,0,0,0,0,0,0,0,1,0
8,1.96,31914.19,0,1,0,1,256,1,0,0,0,0,0,0,0,1,0,0,0,2073600,5,0,0,0,0,0,0,0,1,0,0,0,0,0,0,0,0,0,0,0,0,1,0,0
16,1.24,99367.2,1,1,1,0,512,1,0,0,0,0,0,0,0,1,0,0,0,2073600,5,0,0,0,0,0,0,0,0,0,0,0,0,0,0,0,1,0,0,0,0,0,1,0
16,2.65,71874.72,0,1,1,0,1152,1,1,0,0,1,0,0,0,1,0,0,0,2073600,4,0,0,0,0,1,0,0,0,0,0,0,0,0,0,0,0,0,0,0,1,0,0,0
16,0.91,103896.0,0,1,1,0,512,1,0,0,0,0,0,0,0,1,0,0,0,2073600,5,0,0,1,0,0,0,0,0,0,0,0,0,0,0,0,0,0,0,0,0,0,1,0
8,2.3,62284.32,0,1,1,0,1152,1,1,0,0,1,0,0,0,1,0,0,0,2073600,3,0,0,0,0,0,0,0,0,0,0,0,1,0,0,0,0,0,0,0,1,0,0,0
8,2.1,39693.6,0,1,1,0,1024,0,1,0,0,0,0,0,0,1,0,0,0,2073600,4,0,0,0,0,0,0,0,1,0,0,0,0,0,0,0,0,0,0,0,0,1,0,0
12,2.21,70702.56,0,1,1,0,1152,1,1,0,0,1,0,0,0,1,0,0,0,2073600,4,0,0,0,0,0,0,0,1,0,0,0,0,0,0,0,0,0,0,0,0,1,0,0
4,2.2,19660.32,0,1,0,0,500,0,1,0,0,0,0,0,0,1,0,0,0,1049088,5,0,0,1,0,0,0,0,0,0,0,0,0,0,0,0,0,0,0,0,0,1,0,0
4,1.63,39640.32,0,1,0,0,128,1,0,0,0,0,0,0,0,1,0,0,0,1049088,5,0,0,0,0,1,0,0,0,0,0,0,0,0,0,0,0,0,0,0,0,0,0,0
4,2.0,16197.12,0,1,0,0,500,0,1,0,0,0,0,0,0,1,0,0,0,1049088,5,0,0,1,0,0,0,0,0,0,0,0,0,0,0,0,0,0,0,0,0,1,0,0
8,1.7,78534.72,0,1,1,0,256,1,0,0,0,0,0,0,0,1,0,0,0,2073600,5,0,0,0,0,0,0,0,0,0,0,1,0,0,0,0,0,0,0,0,0,1,0,0
4,2.32,43956.0,0,1,1,0,1024,0,0,1,0,0,0,0,0,0,0,1,0,2073600,5,0,0,0,0,0,0,0,0,0,0,1,0,0,0,0,0,0,0,0,0,1,0,0
8,2.5,42010.75,0,1,0,1,1024,0,0,1,0,0,0,0,0,1,0,0,0,2073600,4,0,0,0,0,0,0,0,0,0,0,1,0,0,0,0,0,0,0,0,0,1,0,0
4,1.8,16463.52,0,1,0,0,500,0,1,0,0,0,0,0,0,1,0,0,0,1049088,5,0,0,0,0,1,0,0,0,0,0,0,0,0,0,0,0,0,0,0,0,1,0,0
8,2.4,41505.12,0,1,1,0,1024,0,1,0,0,0,0,1,0,0,0,0,0,2073600,4,1,0,0,0,0,0,0,0,0,0,0,0,0,0,0,0,0,0,0,0,1,0,0
8,1.48,93186.72,0,1,1,0,1024,1,0,0,0,0,0,0,0,1,0,0,0,2073600,5,0,0,0,0,0,0,0,1,0,0,0,0,0,0,0,0,0,0,0,0,1,0,0
2,1.42,13266.72,0,1,0,0,32,0,0,0,1,0,0,0,0,1,0,0,0,1049088,5,0,0,0,0,0,0,0,0,0,0,1,0,0,0,0,0,0,0,0,0,1,0,0
4,2.1,21312.0,0,0,0,0,500,0,1,0,0,0,0,0,0,1,0,0,0,1049088,4,1,0,0,0,0,0,0,0,0,0,0,0,0,0,0,0,0,0,0,0,1,0,0
8,2.5,53226.72,0,1,1,0,256,1,0,0,0,0,0,0,0,1,0,0,0,2073600,4,0,0,1,0,0,0,0,0,0,0,0,0,0,0,0,0,0,0,0,1,0,0,0
8,1.87,45664.69,0,1,0,1,256,1,0,0,0,0,0,0,0,1,0,0,0,2073600,5,0,0,0,0,0,0,0,0,0,0,1,0,0,0,0,0,0,0,0,0,1,0,0
4,1.7,31914.72,0,1,0,1,128,1,0,0,0,0,0,0,0,1,0,0,0,2073600,5,0,0,0,0,0,0,0,0,0,0,1,0,0,0,0,0,0,0,0,0,1,0,0
8,2.4,60888.38,0,1,1,0,1152,1,1,0,0,1,0,0,0,1,0,0,0,2073600,4,0,0,0,0,0,0,0,0,0,0,0,1,0,0,0,0,0,0,0,1,0,0,0
16,2.8,130003.2,1,1,1,0,512,1,0,0,0,0,0,0,0,1,0,0,0,3686400,5,0,0,0,0,0,0,0,0,0,0,1,0,0,0,0,0,0,0,1,0,0,0,0
4,2.3,26586.72,0,1,0,1,128,1,0,0,0,0,0,0,0,1,0,0,0,1049088,3,0,0,0,0,1,0,0,0,0,0,0,0,0,0,0,0,0,0,0,0,1,0,0
8,1.3,63563.04,0,1,1,0,256,1,0,0,0,0,0,0,0,1,0,0,0,2073600,5,0,0,1,0,0,0,0,0,0,0,0,0,0,0,0,0,0,0,0,0,0,1,0
4,2.05,36496.8,0,1,0,1,500,0,1,0,0,0,0,0,0,1,0,0,0,2073600,5,0,0,0,0,0,0,0,0,0,0,1,0,0,0,0,0,0,0,0,0,1,0,0
8,2.0,56689.92,0,1,0,1,500,0,1,0,0,0,0,0,0,1,0,0,0,2073600,5,0,0,0,0,0,0,0,0,0,0,0,0,0,0,0,1,0,0,0,0,1,0,0
16,1.8,105654.24,0,1,1,0,512,1,0,0,0,0,0,0,0,1,0,0,0,2073600,4,0,0,1,0,0,0,0,0,0,0,0,0,0,0,0,0,0,0,0,0,0,1,0
8,2.5,67399.2,0,1,1,0,1152,1,1,0,0,1,0,0,0,1,0,0,0,2073600,4,0,0,1,0,0,0,0,0,0,0,0,0,0,0,0,0,0,0,0,1,0,0,0
8,2.32,31914.72,0,1,0,1,1024,0,1,0,0,0,0,0,0,0,0,0,0,2073600,4,0,0,0,0,0,0,0,0,0,0,1,0,0,0,0,0,0,0,0,0,1,0,0
16,2.9,56423.52,0,1,1,0,1024,0,1,0,0,0,0,0,0,1,0,0,0,2073600,5,0,0,0,0,0,0,0,1,0,0,0,0,0,0,0,0,0,0,0,0,1,0,0
8,2.5,45074.88,0,1,1,0,256,1,0,0,0,0,0,0,0,1,0,0,0,2073600,4,1,0,0,0,0,0,0,0,0,0,0,0,0,0,0,0,0,0,0,1,0,0,0
4,1.9,26533.44,0,1,0,1,128,1,0,0,0,0,0,0,0,1,0,0,0,1049088,5,0,0,0,0,0,0,0,0,0,0,1,0,0,0,0,0,0,0,0,0,1,0,0
8,2.6,67772.16,0,1,1,0,1152,1,1,0,0,1,0,0,0,1,0,0,0,2073600,3,0,0,0,0,0,0,0,0,0,0,1,0,0,0,0,0,0,0,0,1,0,0,0
4,2.2,16303.68,0,1,0,0,1024,0,1,0,0,0,0,0,0,1,0,0,0,1049088,5,0,0,0,0,0,0,0,0,0,0,1,0,0,0,0,0,0,0,0,0,1,0,0
8,2.2,33513.12,0,1,0,1,256,1,0,0,0,0,0,0,0,0,0,0,0,2073600,5,0,0,0,0,0,0,0,0,0,0,1,0,0,0,0,0,0,0,0,0,1,0,0
16,1.23,98514.72,0,1,1,0,256,1,0,0,0,0,0,0,0,1,0,0,0,2073600,5,0,0,0,0,0,0,0,0,0,0,0,0,0,0,0,0,0,0,0,0,0,1,0
8,2.14,39164.53,0,1,1,0,256,1,0,0,0,0,0,1,0,0,0,0,0,2073600,4,0,0,0,0,1,0,0,0,0,0,0,0,0,0,0,0,0,0,0,0,1,0,0
8,2.4,65481.12,0,1,1,0,1152,1,1,0,0,1,0,0,0,1,0,0,0,2073600,3,0,0,0,0,0,0,0,0,0,0,0,1,0,0,0,0,0,0,0,1,0,0,0
8,1.6,41025.6,0,1,0,1,256,1,0,0,0,0,0,0,0,1,0,0,0,2073600,5,1,0,0,0,0,0,0,0,0,0,0,0,0,0,0,0,0,0,0,0,0,1,0
4,2.18,31254.05,0,1,0,1,1024,0,1,0,0,0,0,0,0,1,0,0,0,1049088,5,0,0,0,0,1,0,0,0,0,0,0,0,0,0,0,0,0,0,0,0,1,0,0
8,2.0,119826.72,0,1,1,0,8,1,0,0,0,0,0,0,0,1,0,0,0,2073600,1,0,0,0,0,0,0,0,1,0,0,0,0,0,0,0,0,0,0,0,0,0,0,1
4,1.65,36709.92,0,1,0,1,128,1,0,0,0,0,0,0,0,1,0,0,0,1049088,5,0,0,0,0,1,0,0,0,0,0,0,0,0,0,0,0,0,0,0,0,1,0,0
16,1.1,139593.6,0,1,1,0,256,1,0,0,0,0,0,0,0,0,0,1,0,3686400,5,0,0,0,0,0,0,0,0,0,0,1,0,0,0,0,0,0,0,0,0,1,0,0
8,1.99,71928.0,0,1,1,0,1152,1,1,0,0,1,0,0,0,1,0,0,0,2073600,4,0,0,1,0,0,0,0,0,0,0,0,0,0,0,0,0,0,0,0,1,0,0,0
8,2.2,62284.32,0,1,1,0,1024,0,1,0,0,0,0,0,0,1,0,0,0,2073600,3,0,0,1,0,0,0,0,0,0,0,0,0,0,0,0,0,0,0,0,1,0,0,0
8,2.62,47898.72,0,1,1,0,1024,0,0,1,0,0,0,0,0,1,0,0,0,2073600,4,0,0,0,0,1,0,0,0,0,0,0,0,0,0,0,0,0,0,0,1,0,0,0
8,2.2,42486.0,0,1,0,1,256,1,0,0,0,0,0,0,0,1,0,0,0,2073600,4,0,0,0,0,1,0,0,0,0,0,0,0,0,0,0,0,0,0,0,0,1,0,0
4,2.2,15930.72,0,0,0,0,500,0,1,0,0,0,0,0,0,1,0,0,0,1049088,5,0,0,0,0,0,0,0,0,0,0,1,0,0,0,0,0,0,0,0,0,1,0,0
8,2.2,39907.25,0,1,1,0,256,1,0,0,0,0,0,1,0,0,0,0,0,2073600,4,0,0,0,0,1,0,0,0,0,0,0,0,0,0,0,0,0,0,0,0,1,0,0
16,2.06,127712.16,1,1,1,0,512,1,0,0,0,0,0,0,0,1,0,0,0,8294400,4,0,0,0,0,1,0,0,0,0,0,0,0,0,0,0,0,0,0,0,0,1,0,0
8,1.2,38841.12,0,1,0,0,512,1,0,0,0,0,0,0,0,1,0,0,0,2073600,5,0,0,1,0,0,0,0,0,0,0,0,0,0,0,0,0,0,0,0,0,0,1,0
8,2.18,53807.47,0,1,1,0,256,1,0,0,0,0,0,0,0,1,0,0,0,2073600,5,0,0,0,0,1,0,0,0,0,0,0,0,0,0,0,0,0,0,0,0,1,0,0
4,1.8,44169.12,0,1,0,1,256,1,0,0,0,0,0,0,0,1,0,0,0,2073600,5,0,0,0,0,0,0,0,0,0,0,1,0,0,0,0,0,0,0,0,0,1,0,0
4,2.2,38378.65,0,1,1,0,500,0,1,0,0,0,0,0,0,1,0,0,0,1049088,5,0,0,1,0,0,0,0,0,0,0,0,0,0,0,0,0,0,0,0,0,1,0,0
8,1.34,61735.54,0,1,0,1,256,0,0,0,1,0,0,0,0,0,0,0,1,1296000,5,0,1,0,0,0,0,0,0,0,0,0,0,0,0,0,0,0,0,0,0,0,1,0
4,1.25,20193.12,1,1,0,0,32,0,0,0,1,0,1,0,0,0,0,0,0,1049088,5,1,0,0,0,0,0,0,0,0,0,0,0,0,0,0,0,0,0,1,0,0,0,0
4,1.44,46939.68,0,1,0,1,128,1,0,0,0,0,0,0,0,1,0,0,0,2073600,5,0,0,0,0,0,0,0,0,0,0,1,0,0,0,0,0,0,0,0,0,1,0,0
16,1.1,93181.39,1,1,1,0,512,1,0,0,0,0,0,0,0,1,0,0,0,2073600,5,0,0,1,0,0,0,0,0,0,0,0,0,0,0,0,0,0,0,0,0,0,1,0
4,2.2,17155.63,0,1,0,0,1024,0,1,0,0,0,0,0,0,0,0,0,0,1049088,5,0,0,0,0,0,0,0,0,0,0,1,0,0,0,0,0,0,0,0,0,1,0,0
16,2.72,58554.72,1,1,1,0,1152,1,1,0,0,1,0,0,0,1,0,0,0,8294400,3,0,0,0,0,1,0,0,0,0,0,0,0,0,0,0,0,0,0,0,1,0,0,0
4,2.25,31914.72,0,1,0,1,500,0,1,0,0,0,0,0,0,1,0,0,0,1049088,4,0,0,0,0,1,0,0,0,0,0,0,0,0,0,0,0,0,0,0,0,1,0,0
6,2.8,45767.52,0,1,1,0,1152,1,1,0,0,1,0,0,0,1,0,0,0,1440000,5,0,0,0,0,0,0,0,0,0,0,1,0,0,0,0,0,0,0,0,0,1,0,0
6,2.4,37029.6,0,1,0,1,256,1,0,0,0,0,0,0,0,1,0,0,0,2073600,5,0,0,0,0,0,0,0,0,0,0,1,0,0,0,0,0,0,0,0,0,1,0,0
8,1.45,54665.28,0,1,0,1,512,1,0,0,0,0,0,0,0,1,0,0,0,2073600,5,0,0,1,0,0,0,0,0,0,0,0,0,0,0,0,0,0,0,0,0,0,1,0
16,2.73,95850.72,0,1,1,0,1536,1,1,0,0,1,0,0,0,1,0,0,0,2073600,3,0,0,1,0,0,0,0,0,0,0,0,0,0,0,0,0,0,0,0,1,0,0,0
8,2.04,54291.79,0,1,1,0,256,1,0,0,0,0,0,0,0,1,0,0,0,2073600,5,0,0,0,0,0,0,0,1,0,0,0,0,0,0,0,0,0,0,0,0,1,0,0
4,2.05,33566.4,0,1,0,1,128,1,0,0,0,0,0,0,0,1,0,0,0,2073600,5,0,0,0,0,0,0,0,0,0,0,1,0,0,0,0,0,0,0,0,0,1,0,0
4,1.28,95850.72,1,1,0,1,256,1,0,0,0,0,0,0,0,1,0,0,0,2073600,5,0,0,0,0,0,0,0,1,0,0,0,0,0,0,0,0,0,0,1,0,0,0,0
8,2.0,39373.92,0,1,0,1,256,1,0,0,0,0,0,0,0,1,0,0,0,2073600,4,0,0,0,0,1,0,0,0,0,0,0,0,0,0,0,0,0,0,0,0,1,0,0
4,2.2,25521.12,0,1,0,1,1024,0,1,0,0,0,0,0,0,0,0,0,0,2073600,4,0,0,0,0,0,0,0,0,0,0,1,0,0,0,0,0,0,0,0,0,1,0,0
8,1.45,68198.4,0,1,1,0,256,1,0,0,0,0,0,0,0,1,0,0,0,2073600,5,0,0,1,0,0,0,0,0,0,0,0,0,0,0,0,0,0,0,0,0,0,1,0
8,1.29,106506.72,1,1,1,0,512,1,0,0,0,0,0,0,0,1,0,0,0,8294400,5,0,0,0,0,0,0,0,1,0,0,0,0,0,0,0,0,0,0,1,0,0,0,0
4,2.02,52747.2,0,1,0,1,500,0,1,0,0,0,0,0,0,1,0,0,0,1049088,5,0,0,0,0,0,0,0,0,0,0,1,0,0,0,0,0,0,0,0,0,1,0,0
16,2.4,75924.0,0,1,1,0,256,1,0,0,0,0,0,0,0,1,0,0,0,2073600,5,0,0,0,0,0,0,0,0,0,0,0,0,0,0,0,1,0,0,0,0,1,0,0
8,2.2,52480.8,0,1,1,0,2176,1,1,0,0,1,0,0,0,1,0,0,0,2073600,4,0,0,0,0,1,0,0,0,0,0,0,0,0,0,0,0,0,0,0,0,1,0,0
16,2.5,58554.72,0,1,1,0,1024,0,0,1,0,0,0,0,0,1,0,0,0,2073600,3,0,0,0,0,0,0,0,0,0,0,1,0,0,0,0,0,0,0,0,0,1,0,0
8,2.0,40972.32,0,1,0,1,256,1,0,0,0,0,0,0,0,1,0,0,0,2073600,5,0,0,1,0,0,0,0,0,0,0,0,0,0,0,0,0,0,0,0,0,1,0,0
8,1.63,45820.8,0,1,0,1,256,1,0,0,0,0,0,0,0,1,0,0,0,2073600,5,0,0,0,0,0,0,0,1,0,0,0,0,0,0,0,0,0,0,0,0,1,0,0
6,1.91,32980.32,0,1,0,1,256,1,0,0,0,0,0,0,0,1,0,0,0,2073600,4,0,0,0,0,0,0,0,1,0,0,0,0,0,0,0,0,0,0,0,0,1,0,0
8,2.5,59087.52,0,1,1,0,1152,1,1,0,0,1,0,0,0,1,0,0,0,2073600,4,0,0,0,0,0,0,0,0,0,0,1,0,0,0,0,0,0,0,0,1,0,0,0
16,1.71,95850.72,1,1,1,0,256,1,0,0,0,0,0,0,0,1,0,0,0,2073600,4,0,0,0,0,0,0,0,0,0,0,0,0,0,0,0,0,0,0,1,0,0,0,0
8,1.37,93635.34,1,1,1,0,256,1,0,0,0,0,0,0,0,1,0,0,0,2073600,5,0,0,0,0,0,0,0,0,0,0,1,0,0,0,0,0,0,0,1,0,0,0,0
4,1.32,37242.72,0,1,0,1,256,1,0,0,0,0,0,0,0,1,0,0,0,2073600,5,0,0,0,0,0,0,0,1,0,0,0,0,0,0,0,0,0,0,0,0,1,0,0
8,1.96,101391.84,0,1,1,0,256,1,0,0,0,0,0,0,0,1,0,0,0,2073600,5,0,0,0,0,0,0,0,0,0,0,1,0,0,0,0,0,0,0,0,0,0,1,0
4,2.1,18488.16,0,1,0,0,500,0,1,0,0,0,0,0,0,1,0,0,0,1049088,5,0,0,0,0,0,0,0,1,0,0,0,0,0,0,0,0,0,0,0,0,1,0,0
16,1.2,120093.12,1,1,1,0,1024,1,0,0,0,0,0,0,0,1,0,0,0,5760000,5,0,0,0,0,1,0,0,0,0,0,0,0,0,0,0,0,0,0,0,0,0,1,0
8,1.34,61005.6,0,1,1,0,256,1,0,0,0,0,0,0,0,1,0,0,0,5760000,5,0,0,0,0,0,0,0,1,0,0,0,0,0,0,0,0,0,0,0,0,0,1,0
8,1.2,61751.52,0,1,0,0,64,0,0,0,1,0,1,0,0,0,0,0,0,2073600,5,0,0,1,0,0,0,0,0,0,0,0,0,0,0,0,0,0,0,1,0,0,0,0
8,1.87,45767.52,0,1,1,0,256,1,0,0,0,0,0,0,0,1,0,0,0,2073600,5,0,0,0,0,0,0,0,0,0,0,1,0,0,0,0,0,0,0,0,0,1,0,0
16,1.6,100752.48,0,1,1,0,1280,1,1,0,0,1,0,0,0,1,0,0,0,2073600,3,0,0,0,0,0,0,0,0,0,0,0,1,0,0,0,0,0,0,0,1,0,0,0
8,1.62,46300.85,1,1,1,0,256,1,0,0,0,0,0,0,0,1,0,0,0,2073600,5,0,0,0,0,1,0,0,0,0,0,0,0,0,0,0,0,0,0,1,0,0,0,0
8,1.6,42038.45,1,1,1,0,256,1,0,0,0,0,0,0,0,1,0,0,0,2073600,5,1,0,0,0,0,0,0,0,0,0,0,0,0,0,0,0,0,0,1,0,0,0,0
8,1.37,71378.68,0,1,0,1,128,1,0,0,0,0,0,0,0,0,0,0,1,4096000,5,0,1,0,0,0,0,0,0,0,0,0,0,0,0,0,0,0,0,0,0,0,1,0
8,2.23,72940.32,0,1,1,0,500,0,1,0,0,0,0,0,0,1,0,0,0,2073600,1,0,0,0,0,1,0,0,0,0,0,0,0,0,0,0,0,0,0,0,0,0,0,1
4,1.08,51095.52,0,1,0,1,256,0,0,0,1,0,0,0,1,0,0,0,0,1049088,5,0,1,0,0,0,0,0,0,0,0,0,0,0,0,0,0,0,0,0,0,0,1,0
8,1.34,70489.44,0,1,1,0,512,1,0,0,0,0,0,0,0,1,0,0,0,2073600,5,0,0,0,0,0,0,0,1,0,0,0,0,0,0,0,0,0,0,0,0,0,1,0
2,1.17,11135.52,0,1,0,0,32,0,0,0,1,0,0,0,0,1,0,0,0,1049088,5,0,0,0,0,0,0,0,1,0,0,0,0,0,0,0,0,0,0,0,0,0,0,0
8,2.4,63882.72,0,1,1,0,256,1,0,0,0,0,0,0,0,1,0,0,0,2073600,4,0,0,0,0,0,0,0,0,0,0,0,1,0,0,0,0,0,0,0,1,0,0,0
8,1.23,74538.72,0,1,0,1,256,1,0,0,0,0,0,0,0,1,0,0,0,2073600,5,0,0,0,0,1,0,0,0,0,0,0,0,0,0,0,0,0,0,0,0,0,1,0
4,1.49,38681.28,0,1,0,1,128,1,0,0,0,0,0,0,0,1,0,0,0,2073600,5,0,0,0,0,0,0,0,1,0,0,0,0,0,0,0,0,0,0,0,0,1,0,0
8,2.36,34045.39,0,1,0,1,1024,0,1,0,0,0,0,0,0,1,0,0,0,1049088,3,0,0,0,0,1,0,0,0,0,0,0,0,0,0,0,0,0,0,0,0,1,0,0
8,2.2,33513.12,0,1,1,0,500,0,1,0,0,0,0,0,0,0,0,0,0,1049088,5,0,0,0,0,0,0,0,0,0,0,1,0,0,0,0,0,0,0,0,0,1,0,0
4,2.2,18328.32,0,1,0,0,500,0,1,0,0,0,0,0,0,1,0,0,0,2073600,5,0,0,0,0,0,0,0,0,0,0,1,0,0,0,0,0,0,0,0,0,1,0,0
8,2.65,63669.6,0,1,1,0,256,1,0,0,0,0,0,0,0,1,0,0,0,2073600,3,0,0,0,0,1,0,0,0,0,0,0,0,0,0,0,0,0,0,0,1,0,0,0
2,2.2,20193.12,0,1,0,0,500,0,1,0,0,0,0,0,0,1,0,0,0,1049088,5,0,0,0,0,1,0,0,0,0,0,0,0,0,0,0,0,0,0,0,0,1,0,0
4,1.3,13852.8,0,1,0,0,32,0,0,0,1,0,0,0,0,1,0,0,0,2073600,5,0,0,0,0,0,0,0,0,0,0,0,0,0,0,0,0,1,0,0,0,1,0,0
16,2.34,123876.0,0,1,1,0,1280,1,1,0,0,1,0,0,0,1,0,0,0,2073600,2,0,0,1,0,0,0,0,0,0,0,0,0,0,0,0,0,0,0,0,1,0,0,0
4,2.2,20965.15,0,1,0,0,500,0,1,0,0,0,0,1,0,0,0,0,0,1049088,5,0,0,0,0,1,0,0,0,0,0,0,0,0,0,0,0,0,0,0,0,1,0,0
16,1.36,133146.72,1,1,1,0,512,1,0,0,0,0,0,0,0,1,0,0,0,3686400,5,0,0,0,0,0,0,0,0,0,0,1,0,0,0,0,0,0,0,1,0,0,0,0
8,2.2,46353.6,0,1,1,0,256,1,0,0,0,0,0,0,0,1,0,0,0,2073600,4,0,0,0,0,1,0,0,0,0,0,0,0,0,0,0,0,0,0,0,0,1,0,0
8,3.0,49976.64,0,1,1,0,1152,1,1,0,0,1,0,0,0,1,0,0,0,2073600,4,0,0,1,0,0,0,0,0,0,0,0,0,0,0,0,0,0,0,0,1,0,0,0
8,2.1,48058.56,0,1,1,0,1024,0,1,0,0,0,0,0,0,1,0,0,0,1049088,5,0,0,0,0,0,0,0,1,0,0,0,0,0,0,0,0,0,0,0,0,1,0,0
8,2.5,54185.76,0,1,1,0,1024,0,1,0,0,0,0,0,0,0,0,0,0,2073600,4,0,0,0,0,0,0,0,0,0,0,1,0,0,0,0,0,0,0,0,1,0,0,0
8,2.6,92615.03,0,1,1,0,256,1,0,0,0,0,0,0,0,1,0,0,0,2073600,1,0,0,0,0,0,0,0,1,0,0,0,0,0,0,0,0,0,0,0,0,0,0,1
4,2.24,40980.31,0,1,0,1,500,0,1,0,0,0,0,0,0,0,0,1,0,1049088,4,0,0,0,0,1,0,0,0,0,0,0,0,0,0,0,0,0,0,0,0,1,0,0
8,2.3,87858.72,0,1,1,0,1152,1,1,0,0,1,0,0,0,1,0,0,0,2073600,3,0,0,1,0,0,0,0,0,0,0,0,0,0,0,0,0,0,0,0,1,0,0,0
8,2.63,63936.0,0,1,1,0,256,1,0,0,0,0,0,0,0,1,0,0,0,2073600,5,0,0,0,0,0,0,0,1,0,0,0,0,0,0,0,0,0,0,0,0,1,0,0
8,2.7,67132.8,0,1,1,0,1152,1,1,0,0,1,0,0,0,1,0,0,0,2073600,4,1,0,0,0,0,0,0,0,0,0,0,0,0,0,0,0,0,0,0,1,0,0,0
8,1.9,73366.56,0,1,1,0,256,1,0,0,0,0,0,0,0,1,0,0,0,2073600,5,0,0,0,0,1,0,0,0,0,0,0,0,0,0,0,0,0,0,0,0,1,0,0
8,2.04,20725.92,0,1,0,0,2048,0,1,0,0,0,0,0,0,1,0,0,0,1049088,5,0,0,0,0,0,0,0,1,0,0,0,0,0,0,0,0,0,0,0,0,1,0,0
4,2.1,22857.12,0,1,0,1,128,1,0,0,0,0,0,0,0,1,0,0,0,1049088,5,0,0,0,0,0,0,0,0,0,0,1,0,0,0,0,0,0,0,0,0,1,0,0
6,2.71,37242.72,0,1,0,1,2048,0,1,0,0,0,0,0,0,1,0,0,0,2073600,4,0,0,0,0,0,0,0,1,0,0,0,0,0,0,0,0,0,0,0,0,1,0,0
8,2.5,47738.88,0,1,0,1,1024,0,1,0,0,0,0,0,0,1,0,0,0,2073600,5,0,0,0,0,0,0,0,1,0,0,0,0,0,0,0,0,0,0,0,0,1,0,0
8,1.9,59513.23,0,1,0,1,256,1,0,0,0,0,0,0,0,1,0,0,0,2073600,5,0,0,0,0,1,0,0,0,0,0,0,0,0,0,0,0,0,0,0,0,1,0,0
16,2.4,74485.44,0,1,1,0,512,1,0,0,0,0,0,0,0,0,0,0,0,2073600,3,0,0,0,0,0,0,0,0,0,0,1,0,0,0,0,0,0,0,0,1,0,0,0
8,2.36,34035.26,0,1,0,1,1024,0,1,0,0,0,0,0,0,1,0,0,0,2073600,3,0,0,0,0,1,0,0,0,0,0,0,0,0,0,0,0,0,0,0,0,1,0,0
8,1.9,43316.64,0,1,0,1,1152,1,1,0,0,1,0,0,0,1,0,0,0,2073600,4,0,0,0,0,0,0,0,0,0,0,1,0,0,0,0,0,0,0,0,0,1,0,0
4,1.91,25515.26,0,0,0,0,256,1,0,0,0,0,0,0,0,1,0,0,0,2073600,4,0,0,0,0,0,0,0,1,0,0,0,0,0,0,0,0,0,0,0,0,1,0,0
16,1.4,98514.72,1,1,1,0,512,1,0,0,0,0,0,0,0,1,0,0,0,8294400,5,0,0,0,0,0,0,0,0,0,0,1,0,0,0,0,0,0,0,1,0,0,0,0
8,2.63,68198.4,0,1,1,0,1024,0,1,0,0,0,0,0,0,1,0,0,0,2073600,5,0,0,0,0,0,0,0,1,0,0,0,0,0,0,0,0,0,0,0,0,1,0,0
8,1.34,63349.92,0,1,0,1,256,1,0,0,0,0,0,0,0,1,0,0,0,2073600,5,0,0,0,0,0,0,0,1,0,0,0,0,0,0,0,0,0,0,0,0,1,0,0
4,1.65,45234.72,0,1,0,1,500,0,1,0,0,0,0,0,0,1,0,0,0,1049088,5,0,0,0,0,1,0,0,0,0,0,0,0,0,0,0,0,0,0,0,0,1,0,0
8,2.02,71395.2,0,1,0,1,256,1,0,0,0,0,0,0,0,0,0,1,0,2073600,5,0,0,0,0,0,0,0,0,0,0,1,0,0,0,0,0,0,0,0,0,1,0,0
8,2.2,27652.32,0,1,0,1,2048,0,1,0,0,0,0,0,0,0,0,0,0,2073600,5,0,0,0,0,0,0,0,0,0,0,1,0,0,0,0,0,0,0,0,0,1,0,0
16,3.21,70809.12,0,1,1,0,1280,1,1,0,0,1,0,0,0,1,0,0,0,8294400,2,0,0,0,0,1,0,0,0,0,0,0,0,0,0,0,0,0,0,0,1,0,0,0
8,1.23,99580.32,1,1,0,1,256,1,0,0,0,0,0,0,0,1,0,0,0,5760000,5,0,0,0,0,1,0,0,0,0,0,0,0,0,0,0,0,0,0,0,0,0,1,0
8,1.37,98514.72,1,1,1,0,512,1,0,0,0,0,0,0,0,1,0,0,0,2073600,5,0,0,0,0,0,0,0,0,0,0,1,0,0,0,0,0,0,0,1,0,0,0,0
8,1.9,67612.32,0,1,1,0,1024,0,1,0,0,0,0,0,0,1,0,0,0,2073600,1,0,0,0,0,0,0,0,1,0,0,0,0,0,0,0,0,0,0,0,0,1,0,0
8,2.7,85194.72,0,1,1,0,1280,1,1,0,0,1,0,0,0,1,0,0,0,2073600,3,0,0,1,0,0,0,0,0,0,0,0,0,0,0,0,0,0,0,0,1,0,0,0
4,2.2,26586.72,0,1,0,1,1024,0,1,0,0,0,0,0,0,0,0,0,0,2073600,5,0,0,0,0,0,0,0,0,0,0,1,0,0,0,0,0,0,0,0,0,1,0,0
16,1.08,111834.72,1,1,1,0,512,1,0,0,0,0,0,0,0,1,0,0,0,2073600,5,0,0,0,0,0,0,0,0,0,1,0,0,0,0,0,0,0,0,0,0,0,1,0
8,3.14,110017.87,0,1,1,0,256,1,0,0,0,0,0,0,0,1,0,0,0,2073600,1,0,0,0,0,0,0,0,1,0,0,0,0,0,0,0,0,0,0,0,0,0,0,1
8,1.64,63159.71,0,1,1,0,256,1,0,0,0,0,0,0,0,1,0,0,0,2073600,5,0,0,0,0,0,0,0,1,0,0,0,0,0,0,0,0,0,0,0,0,1,0,0
8,2.5,48697.92,0,1,0,1,1024,0,1,0,0,0,0,0,0,1,0,0,0,2073600,5,0,0,0,0,0,0,0,1,0,0,0,0,0,0,0,0,0,0,0,0,1,0,0
8,2.3,27864.91,0,1,0,1,1024,0,1,0,0,0,0,1,0,0,0,0,0,1049088,5,0,0,1,0,0,0,0,0,0,0,0,0,0,0,0,0,0,0,0,0,1,0,0
8,1.23,73473.12,1,1,1,0,256,1,0,0,0,0,0,0,0,1,0,0,0,5760000,5,0,0,0,0,1,0,0,0,0,0,0,0,0,0,0,0,0,0,0,0,0,1,0
8,1.84,69103.63,0,1,1,0,256,1,0,0,0,0,0,0,0,1,0,0,0,2073600,3,0,0,0,0,0,0,0,1,0,0,0,0,0,0,0,0,0,0,0,0,0,1,0
4,2.25,19127.52,0,1,0,1,1024,0,1,0,0,0,0,1,0,0,0,0,0,1049088,5,0,0,0,0,1,0,0,0,0,0,0,0,0,0,0,0,0,0,0,0,1,0,0
4,1.9,23976.0,0,1,0,1,500,0,1,0,0,0,0,0,0,0,0,0,0,1049088,5,0,0,0,0,0,0,0,0,0,0,1,0,0,0,0,0,0,0,0,0,1,0,0
4,1.86,18434.35,0,1,0,1,1024,0,1,0,0,0,0,0,0,0,0,0,0,1049088,5,0,0,0,0,0,0,0,1,0,0,0,0,0,0,0,0,0,0,0,0,1,0,0
4,2.29,26107.2,0,1,0,1,500,0,1,0,0,0,0,0,0,1,0,0,0,1049088,5,0,0,0,0,1,0,0,0,0,0,0,0,0,0,0,0,0,0,0,0,1,0,0
4,2.04,27783.92,1,1,0,1,1024,0,1,0,0,0,0,0,0,1,0,0,0,1049088,5,0,0,0,0,0,0,0,1,0,0,0,0,0,0,0,0,0,0,0,0,1,0,0
8,1.91,32979.79,0,1,0,1,256,1,0,0,0,0,0,0,0,1,0,0,0,1049088,4,0,0,0,0,0,0,0,1,0,0,0,0,0,0,0,0,0,0,0,0,1,0,0
4,2.3,22305.14,0,1,0,1,1024,0,1,0,0,0,0,0,0,1,0,0,0,1049088,5,0,0,0,0,1,0,0,0,0,0,0,0,0,0,0,0,0,0,0,0,1,0,0
16,1.93,76012.44,0,1,0,1,512,1,0,0,0,0,0,0,0,1,0,0,0,2073600,5,0,0,0,0,1,0,0,0,0,0,0,0,0,0,0,0,0,0,0,0,1,0,0
16,2.6,128884.32,0,1,1,0,256,1,0,0,0,0,0,0,0,1,0,0,0,2073600,1,0,0,0,0,0,0,0,1,0,0,0,0,0,0,0,0,0,0,0,0,0,0,1
8,1.8,88924.32,1,1,1,0,256,1,0,0,0,0,0,0,0,1,0,0,0,2073600,5,0,0,0,0,0,0,0,0,0,0,1,0,0,0,0,0,0,0,1,0,0,0,0
8,2.18,39960.0,0,1,0,1,256,1,0,0,0,0,0,0,0,1,0,0,0,2073600,5,0,0,0,0,1,0,0,0,0,0,0,0,0,0,0,0,0,0,0,0,1,0,0
8,2.7,71874.72,0,1,1,0,256,1,0,0,0,0,0,0,0,1,0,0,0,2073600,4,0,0,0,0,0,0,0,0,0,0,0,1,0,0,0,0,0,0,0,1,0,0,0
6,2.2,42037.92,0,1,1,0,256,1,0,0,0,0,0,0,0,1,0,0,0,2073600,5,0,0,0,0,0,0,0,0,0,0,1,0,0,0,0,0,0,0,0,0,1,0,0
8,1.7,79866.72,0,1,1,0,256,1,0,0,0,0,0,0,0,0,0,1,0,2073600,5,0,0,0,0,0,0,0,0,0,0,1,0,0,0,0,0,0,0,0,0,0,1,0
8,2.67,102564.0,0,1,1,0,512,1,0,0,0,0,0,0,0,1,0,0,0,2073600,1,0,0,0,0,0,0,0,0,0,0,1,0,0,0,0,0,0,0,0,0,0,0,1
16,2.17,124568.64,0,1,1,0,512,1,0,0,0,0,0,0,0,1,0,0,0,2073600,1,0,0,0,0,1,0,0,0,0,0,0,0,0,0,0,0,0,0,0,0,0,0,1
8,1.95,58448.16,0,1,1,0,256,1,0,0,0,0,0,0,0,1,0,0,0,2073600,5,0,0,0,0,0,0,0,0,0,0,1,0,0,0,0,0,0,0,0,0,1,0,0
16,1.1,111834.72,0,1,1,0,512,1,0,0,0,0,0,0,0,1,0,0,0,3686400,5,0,0,0,0,0,0,0,0,0,0,1,0,0,0,0,0,0,0,0,0,0,1,0
8,1.62,42517.97,1,1,1,0,256,1,0,0,0,0,0,0,0,1,0,0,0,2073600,5,0,0,0,0,1,0,0,0,0,0,0,0,0,0,0,0,0,0,1,0,0,0,0
12,2.06,69210.72,0,1,1,0,1152,1,1,0,0,1,0,0,0,1,0,0,0,8294400,5,0,0,1,0,0,0,0,0,0,0,0,0,0,0,0,0,0,0,0,0,1,0,0
8,2.31,76030.56,0,1,1,0,256,1,0,0,0,0,0,0,0,1,0,0,0,2073600,5,0,0,0,0,0,0,0,1,0,0,0,0,0,0,0,0,0,0,0,0,1,0,0
4,2.4,32447.52,0,1,0,1,1024,0,1,0,0,0,0,0,0,1,0,0,0,2073600,5,0,0,0,0,0,0,0,0,0,0,1,0,0,0,0,0,0,0,0,0,1,0,0
16,2.77,82530.72,1,1,1,0,512,1,0,0,0,0,0,0,0,1,0,0,0,2073600,5,0,0,0,0,1,0,0,0,0,0,0,0,0,0,0,0,0,0,0,0,1,0,0
8,2.2,26586.72,0,1,0,1,1024,0,1,0,0,0,0,0,0,0,0,0,0,2073600,5,0,0,0,0,0,0,0,0,0,0,1,0,0,0,0,0,0,0,0,0,1,0,0
6,2.1,21791.52,0,0,0,0,1024,0,1,0,0,0,0,0,0,1,0,0,0,1049088,4,1,0,0,0,0,0,0,0,0,0,0,0,0,0,0,0,0,0,0,0,1,0,0
4,2.18,24279.7,0,1,0,1,1024,0,1,0,0,0,0,1,0,0,0,0,0,1049088,4,0,0,0,0,1,0,0,0,0,0,0,0,0,0,0,0,0,0,0,0,1,0,0
4,2.4,23976.0,0,1,0,1,500,0,1,0,0,0,0,0,0,1,0,0,0,1049088,5,1,0,0,0,0,0,0,0,0,0,0,0,0,0,0,0,0,0,0,0,1,0,0
8,1.86,36763.2,0,1,0,1,256,1,0,0,0,0,0,0,0,1,0,0,0,2073600,5,0,0,0,0,0,0,0,1,0,0,0,0,0,0,0,0,0,0,0,0,1,0,0
8,2.05,39373.92,0,1,0,1,256,1,0,0,0,0,0,0,0,1,0,0,0,2073600,5,0,0,0,0,0,0,0,0,0,0,1,0,0,0,0,0,0,0,0,0,1,0,0
4,2.65,16463.52,0,1,0,0,1024,0,1,0,0,0,0,0,0,1,0,0,0,1049088,5,0,0,1,0,0,0,0,0,0,0,0,0,0,0,0,0,0,0,0,0,1,0,0
4,1.3,27119.52,0,1,0,1,128,1,0,0,0,0,0,0,0,1,0,0,0,1049088,5,0,0,1,0,0,0,0,0,0,0,0,0,0,0,0,0,0,0,0,0,1,0,0
8,2.6,47898.72,0,1,1,0,1024,0,1,0,0,0,0,0,0,1,0,0,0,2073600,3,0,0,0,0,0,0,0,0,0,0,1,0,0,0,0,0,0,0,0,0,1,0,0
4,1.91,26586.72,0,0,0,0,256,1,0,0,0,0,0,0,0,1,0,0,0,2073600,4,0,0,0,0,0,0,0,1,0,0,0,0,0,0,0,0,0,0,0,0,0,1,0
8,2.04,45101.52,0,1,0,1,1024,0,1,0,0,0,0,0,0,1,0,0,0,1049088,5,0,0,0,0,0,0,0,1,0,0,0,0,0,0,0,0,0,0,0,0,1,0,0
16,1.42,74538.72,1,1,1,0,256,1,0,0,0,0,0,0,0,1,0,0,0,5760000,5,0,0,0,0,0,0,0,1,0,0,0,0,0,0,0,0,0,0,1,0,0,0,0
4,1.47,58874.4,0,1,0,1,128,1,0,0,0,0,0,0,0,1,0,0,0,2073600,5,0,0,0,0,0,0,0,0,0,0,0,0,0,0,0,1,0,0,0,0,1,0,0
4,2.4,53226.72,0,1,1,0,1024,0,1,0,0,0,0,0,0,1,0,0,0,2073600,4,0,0,0,0,0,0,0,0,0,0,1,0,0,0,0,0,0,0,0,1,0,0,0
4,2.18,39373.92,0,1,1,0,256,1,0,0,0,0,0,0,0,1,0,0,0,2073600,4,0,0,0,0,1,0,0,0,0,0,0,0,0,0,0,0,0,0,0,0,1,0,0
8,2.2,39373.92,1,1,0,1,1024,0,1,0,0,0,0,0,0,1,0,0,0,1049088,5,0,0,1,0,0,0,0,0,0,0,0,0,0,0,0,0,0,0,1,0,0,0,0
8,2.36,39906.72,0,1,1,0,1024,0,1,0,0,0,0,0,0,1,0,0,0,1049088,3,0,0,0,0,1,0,0,0,0,0,0,0,0,0,0,0,0,0,0,0,1,0,0
12,2.19,69210.72,1,1,1,0,512,1,0,0,0,0,0,0,0,1,0,0,0,2073600,5,0,0,0,0,1,0,0,0,0,0,0,0,0,0,0,0,0,0,1,0,0,0,0
16,1.36,95797.44,0,1,1,0,512,1,0,0,0,0,0,0,0,1,0,0,0,2073600,5,0,0,0,0,0,0,0,0,0,0,1,0,0,0,0,0,0,0,0,0,0,1,0
16,2.0,101178.72,1,1,1,0,512,1,0,0,0,0,0,0,0,1,0,0,0,8294400,4,0,0,0,0,0,0,0,0,0,0,1,0,0,0,0,0,0,0,1,0,0,0,0
6,2.1,34632.0,0,0,0,0,1152,1,1,0,0,1,0,0,0,1,0,0,0,2073600,4,0,0,0,0,0,0,0,1,0,0,0,0,0,0,0,0,0,0,0,0,1,0,0
4,1.9,14418.63,0,1,0,0,128,1,0,0,0,0,0,0,0,0,0,0,0,1049088,5,0,0,0,0,0,0,0,0,0,0,1,0,0,0,0,0,0,0,0,0,1,0,0
4,1.2,15339.31,0,1,0,0,16,0,0,0,1,0,1,0,0,0,0,0,0,1049088,5,0,0,1,0,0,0,0,0,0,0,0,0,0,0,0,0,0,0,0,0,0,0,0
8,2.1,60978.96,0,1,0,1,1280,1,1,0,0,1,0,0,0,1,0,0,0,2073600,4,0,0,0,0,0,0,0,0,0,0,1,0,0,0,0,0,0,0,0,0,1,0,0
8,2.8,27652.32,0,0,0,0,1024,0,1,0,0,0,0,0,0,1,0,0,0,1440000,5,0,0,0,0,0,0,0,0,0,0,1,0,0,0,0,0,0,0,0,0,1,0,0
8,2.02,45554.4,0,1,1,0,1152,1,1,0,0,1,0,0,0,1,0,0,0,2073600,5,0,0,0,0,1,0,0,0,0,0,0,0,0,0,0,0,0,0,0,0,1,0,0
8,2.2,78647.14,0,1,1,0,1152,1,1,0,0,1,0,0,0,1,0,0,0,2073600,3,0,0,0,0,0,0,0,0,0,0,0,1,0,0,0,0,0,0,0,1,0,0,0
8,2.2,63882.72,0,1,1,0,1152,1,1,0,0,1,0,0,0,1,0,0,0,2073600,4,0,0,0,0,0,0,0,0,0,0,0,1,0,0,0,0,0,0,0,1,0,0,0
8,1.93,72940.32,0,1,1,0,256,1,0,0,0,0,0,0,0,1,0,0,0,2073600,5,0,0,0,0,1,0,0,0,0,0,0,0,0,0,0,0,0,0,0,0,1,0,0
8,1.6,64202.4,0,1,1,0,256,1,0,0,0,0,0,0,0,1,0,0,0,2073600,5,0,0,0,0,1,0,0,0,0,0,0,0,0,0,0,0,0,0,0,0,1,0,0
4,2.1,21951.36,0,1,0,1,128,1,0,0,0,0,0,1,0,0,0,0,0,1049088,5,1,0,0,0,0,0,0,0,0,0,0,0,0,0,0,0,0,0,0,0,1,0,0
4,2.0,30049.92,0,1,0,1,1024,0,1,0,0,0,0,0,0,1,0,0,0,2073600,5,0,0,1,0,0,0,0,0,0,0,0,0,0,0,0,0,0,0,0,0,1,0,0
8,1.64,62817.12,0,1,1,0,256,1,0,0,0,0,0,0,0,1,0,0,0,2073600,5,0,0,0,0,1,0,0,0,0,0,0,0,0,0,0,0,0,0,0,0,1,0,0
8,2.4,37775.52,0,1,1,0,1024,0,1,0,0,0,0,1,0,0,0,0,0,2073600,4,1,0,0,0,0,0,0,0,0,0,0,0,0,0,0,0,0,0,0,1,0,0,0
4,1.86,19441.87,0,1,0,1,500,0,1,0,0,0,0,0,0,0,0,0,0,1049088,5,0,0,0,0,0,0,0,1,0,0,0,0,0,0,0,0,0,0,0,0,1,0,0
16,1.49,63776.16,0,1,1,0,512,1,0,0,0,0,0,0,0,1,0,0,0,2073600,5,0,0,0,0,0,0,0,1,0,0,0,0,0,0,0,0,0,0,0,0,1,0,0
4,2.2,17262.72,0,1,0,0,500,0,1,0,0,0,0,1,0,0,0,0,0,1049088,5,0,0,0,0,1,0,0,0,0,0,0,0,0,0,0,0,0,0,0,0,1,0,0
4,1.2,19660.32,0,1,0,0,32,1,0,0,0,0,0,0,0,1,0,0,0,2073600,5,0,0,0,0,0,0,0,0,0,0,0,0,1,0,0,0,0,0,0,0,1,0,0
8,1.2,77788.8,0,1,0,1,256,1,0,0,0,0,0,0,0,0,0,1,0,2073600,5,0,0,0,0,0,0,0,0,0,0,0,0,0,0,0,1,0,0,0,0,1,0,0
8,1.2,81784.8,0,1,0,1,256,1,0,0,0,0,0,0,0,1,0,0,0,2073600,5,0,0,0,0,0,0,0,0,0,0,0,0,0,0,0,1,0,0,0,0,1,0,0
8,1.3,67559.04,0,1,1,0,256,1,0,0,0,0,0,0,0,1,0,0,0,5760000,5,0,0,0,0,1,0,0,0,0,0,0,0,0,0,0,0,0,0,0,0,0,1,0
4,1.86,18381.07,0,1,0,1,500,0,1,0,0,0,0,0,0,0,0,0,0,2073600,5,0,0,0,0,0,0,0,1,0,0,0,0,0,0,0,0,0,0,0,0,1,0,0
8,2.3,31808.16,0,1,0,1,1024,0,1,0,0,0,0,1,0,0,0,0,0,2073600,5,0,0,1,0,0,0,0,0,0,0,0,0,0,0,0,0,0,0,0,0,1,0,0
8,1.13,99900.0,0,1,0,1,256,0,0,0,1,0,0,0,0,1,0,0,0,2073600,5,0,0,0,0,0,0,0,0,0,0,1,0,0,0,0,0,0,0,0,0,0,1,0
8,1.34,88977.6,1,1,0,1,256,1,0,0,0,0,0,0,0,1,0,0,0,2073600,5,0,0,0,0,1,0,0,0,0,0,0,0,0,0,0,0,0,0,1,0,0,0,0
4,2.2,36336.96,0,1,0,1,256,1,0,0,0,0,0,0,0,1,0,0,0,2073600,5,1,0,0,0,0,0,0,0,0,0,0,0,0,0,0,0,0,0,0,0,1,0,0
8,2.3,24455.52,0,1,0,1,1024,0,1,0,0,0,0,0,0,1,0,0,0,1049088,5,0,0,0,0,1,0,0,0,0,0,0,0,0,0,0,0,0,0,0,0,1,0,0
8,2.2,58554.72,0,1,1,0,1152,1,1,0,0,1,0,0,0,1,0,0,0,2073600,4,0,0,0,0,0,0,0,1,0,0,0,0,0,0,0,0,0,0,0,1,0,0,0
4,2.2,41345.28,0,1,0,1,1024,0,1,0,0,0,0,0,0,1,0,0,0,2073600,4,0,0,0,0,1,0,0,0,0,0,0,0,0,0,0,0,0,0,0,0,1,0,0
8,2.2,35112.05,0,1,1,0,1024,0,1,0,0,0,0,0,0,0,0,0,0,2073600,5,0,0,0,0,0,0,0,0,0,0,1,0,0,0,0,0,0,0,0,0,1,0,0
4,2.04,44701.92,0,1,0,1,256,1,0,0,0,0,0,0,0,1,0,0,0,2073600,5,0,0,0,0,0,0,0,1,0,0,0,0,0,0,0,0,0,0,0,0,1,0,0
8,2.36,52161.12,0,1,1,0,1152,1,1,0,0,1,0,0,0,1,0,0,0,2073600,4,0,0,0,0,1,0,0,0,0,0,0,0,0,0,0,0,0,0,0,0,1,0,0
8,1.84,101232.0,0,1,0,1,256,1,0,0,0,0,0,0,0,1,0,0,0,2073600,5,0,0,0,0,0,0,0,1,0,0,0,0,0,0,0,0,0,0,0,0,1,0,0
4,1.26,15717.6,0,1,0,0,16,0,0,0,1,0,1,0,0,0,0,0,0,1049088,5,0,0,0,0,1,0,0,0,0,0,0,0,0,0,0,0,0,0,0,0,0,0,0
6,2.1,28185.12,0,0,0,1,1024,0,1,0,0,0,0,0,0,1,0,0,0,2073600,4,0,0,0,0,0,0,0,1,0,0,0,0,0,0,0,0,0,0,0,0,1,0,0
12,2.25,34578.72,0,1,0,1,1024,0,1,0,0,0,0,0,0,1,0,0,0,1049088,5,0,0,0,0,1,0,0,0,0,0,0,0,0,0,0,0,0,0,0,0,1,0,0
4,1.4,25308.0,1,1,0,0,128,1,0,0,0,0,0,0,0,1,0,0,0,1049088,5,0,0,0,0,0,0,0,0,0,0,1,0,0,0,0,0,0,0,0,0,0,0,0
4,1.86,15824.16,0,0,0,0,500,0,1,0,0,0,0,0,0,1,0,0,0,1049088,5,0,0,0,0,0,0,0,1,0,0,0,0,0,0,0,0,0,0,0,0,1,0,0
8,2.6,47898.72,0,1,1,0,1024,0,1,0,0,0,0,0,0,1,0,0,0,2073600,3,0,0,0,0,0,0,0,0,0,0,1,0,0,0,0,0,0,0,0,0,1,0,0
8,0.92,69264.0,0,1,0,0,256,0,0,0,1,0,0,0,1,0,0,0,0,3317760,5,0,1,0,0,0,0,0,0,0,0,0,0,0,0,0,0,0,0,0,0,0,1,0
8,1.64,55904.57,0,1,0,1,256,1,0,0,0,0,0,0,0,1,0,0,0,2073600,5,0,0,0,0,0,0,0,1,0,0,0,0,0,0,0,0,0,0,0,0,1,0,0
8,2.8,45234.72,0,1,1,0,2048,0,1,0,0,0,0,0,0,0,0,0,0,2073600,5,0,0,0,0,0,0,0,0,0,0,1,0,0,0,0,0,0,0,0,0,1,0,0
6,2.8,38308.32,0,1,0,1,1152,1,1,0,0,1,0,0,0,1,0,0,0,1440000,5,0,0,0,0,0,0,0,0,0,0,1,0,0,0,0,0,0,0,0,0,1,0,0
8,1.37,80908.34,0,1,0,1,256,1,0,0,0,0,0,0,0,0,0,0,1,4096000,5,0,1,0,0,0,0,0,0,0,0,0,0,0,0,0,0,0,0,0,0,0,1,0
6,2.2,29250.72,0,0,0,1,256,1,0,0,0,0,0,0,0,1,0,0,0,2073600,4,0,0,0,0,0,0,0,0,0,0,1,0,0,0,0,0,0,0,0,0,1,0,0
8,1.84,69477.12,0,1,1,0,256,1,0,0,0,0,0,0,0,1,0,0,0,2073600,5,0,0,0,0,0,0,0,1,0,0,0,0,0,0,0,0,0,0,0,0,1,0,0
8,3.31,63722.88,0,1,1,0,1152,1,1,0,0,1,0,0,0,1,0,0,0,2073600,3,0,0,0,0,0,0,0,0,0,0,1,0,0,0,0,0,0,0,0,1,0,0,0
4,1.9,18061.92,0,1,0,1,1024,0,1,0,0,0,0,0,0,0,0,0,0,1049088,5,0,0,0,0,0,0,0,0,0,0,1,0,0,0,0,0,0,0,0,0,1,0,0
4,1.05,68464.8,0,1,0,1,128,1,0,0,0,0,0,0,0,1,0,0,0,2073600,5,0,0,0,0,0,0,0,0,0,0,0,0,0,0,0,1,0,0,0,0,1,0,0
4,2.2,30636.0,0,0,0,1,1152,1,1,0,0,1,0,0,0,1,0,0,0,2073600,4,0,0,1,0,0,0,0,0,0,0,0,0,0,0,0,0,0,0,0,0,1,0,0
8,1.12,52693.92,0,1,0,1,256,1,0,0,0,0,0,0,0,1,0,0,0,2073600,5,1,0,0,0,0,0,0,0,0,0,0,0,0,0,0,0,0,0,0,0,0,1,0
8,2.2,34472.16,0,1,0,1,1024,0,1,0,0,0,0,1,0,0,0,0,0,2073600,4,0,0,0,0,1,0,0,0,0,0,0,0,0,0,0,0,0,0,0,0,1,0,0
6,2.8,50562.72,0,1,1,0,1152,1,1,0,0,1,0,0,0,1,0,0,0,1440000,5,0,0,0,0,0,0,0,0,0,0,1,0,0,0,0,0,0,0,0,0,1,0,0
8,1.62,43636.32,1,1,0,1,256,1,0,0,0,0,0,0,0,1,0,0,0,2073600,5,0,0,0,0,1,0,0,0,0,0,0,0,0,0,0,0,0,0,1,0,0,0,0
8,1.5,58554.72,0,1,0,1,256,1,0,0,0,0,0,0,0,1,0,0,0,2073600,5,0,0,0,0,0,0,0,0,0,0,1,0,0,0,0,0,0,0,0,0,1,0,0
8,2.37,58554.72,0,1,0,1,256,1,0,0,0,0,0,0,0,1,0,0,0,2073600,5,0,0,1,0,0,0,0,0,0,0,0,0,0,0,0,0,0,0,0,0,1,0,0
8,2.3,55922.69,0,1,0,1,256,1,0,0,0,0,0,0,0,1,0,0,0,2073600,5,0,0,0,0,0,0,0,0,0,0,1,0,0,0,0,0,0,0,0,0,1,0,0
16,2.2,93186.72,0,1,1,0,1152,1,1,0,0,1,0,0,0,1,0,0,0,2073600,3,0,0,1,0,0,0,0,0,0,0,0,0,0,0,0,0,0,0,0,0,1,0,0
6,2.04,28717.92,0,1,0,1,1024,0,1,0,0,0,0,0,0,1,0,0,0,2073600,4,0,0,0,0,0,0,0,1,0,0,0,0,0,0,0,0,0,0,0,0,1,0,0
4,1.5,62176.16,0,1,0,1,128,1,0,0,0,0,0,0,0,0,0,1,0,1049088,5,0,0,0,0,1,0,0,0,0,0,0,0,0,0,0,0,0,0,0,0,0,1,0
8,2.4,43103.52,0,1,1,0,1152,1,1,0,0,1,0,0,0,0,0,0,0,2073600,4,0,0,0,0,0,0,0,0,0,0,1,0,0,0,0,0,0,0,0,1,0,0,0
4,2.23,28984.32,0,1,0,1,1024,0,1,0,0,0,0,0,0,1,0,0,0,2073600,5,1,0,0,0,0,0,0,0,0,0,0,0,0,0,0,0,0,0,0,0,1,0,0
8,2.3,41931.36,0,1,1,0,256,1,0,0,0,0,0,0,0,1,0,0,0,2073600,5,0,0,1,0,0,0,0,0,0,0,0,0,0,0,0,0,0,0,0,0,1,0,0
16,3.2,79866.72,0,1,1,0,1280,1,1,0,0,1,0,0,0,1,0,0,0,2073600,3,0,0,0,0,0,0,0,0,0,0,1,0,0,0,0,0,0,0,0,1,0,0,0
8,1.63,54931.68,0,1,1,0,256,1,0,0,0,0,0,0,0,1,0,0,0,2073600,5,0,0,0,0,0,0,0,1,0,0,0,0,0,0,0,0,0,0,0,0,1,0,0
8,2.04,42943.68,0,1,0,1,1024,0,1,0,0,0,0,0,0,1,0,0,0,2073600,5,0,0,0,0,0,0,0,1,0,0,0,0,0,0,0,0,0,0,0,0,1,0,0
8,2.2,31962.67,0,1,1,0,1024,0,1,0,0,0,0,1,0,0,0,0,0,2073600,4,0,0,0,0,1,0,0,0,0,0,0,0,0,0,0,0,0,0,0,0,1,0,0
8,2.23,94731.84,0,1,1,0,1024,0,1,0,0,0,0,0,0,1,0,0,0,2073600,1,0,0,0,0,1,0,0,0,0,0,0,0,0,0,0,0,0,0,0,0,0,0,1
64,1.4,50882.4,0,1,1,0,256,1,0,0,0,0,0,0,0,1,0,0,0,2073600,4,0,0,0,0,1,0,0,0,0,0,0,0,0,0,0,0,0,0,0,0,0,1,0
16,2.73,109218.67,0,1,1,0,1280,1,1,0,0,1,0,0,0,1,0,0,0,2073600,3,0,0,1,0,0,0,0,0,0,0,0,0,0,0,0,0,0,0,0,1,0,0,0
8,2.2,55571.04,0,1,1,0,256,1,0,0,0,0,0,0,0,1,0,0,0,2073600,5,0,0,0,0,0,0,0,0,0,0,0,0,0,0,0,1,0,0,0,0,1,0,0
4,2.1,31914.72,0,1,0,1,256,1,0,0,0,0,0,0,0,1,0,0,0,1049088,5,1,0,0,0,0,0,0,0,0,0,0,0,0,0,0,0,0,0,0,0,1,0,0
16,2.2,77202.72,0,1,1,0,1152,1,1,0,0,1,0,0,0,1,0,0,0,2073600,3,0,0,1,0,0,0,0,0,0,0,0,0,0,0,0,0,0,0,0,1,0,0,0
8,1.5,42570.72,0,1,1,0,512,1,0,0,0,0,0,0,0,0,0,0,0,2073600,3,0,0,0,0,0,0,0,0,0,0,1,0,0,0,0,0,0,0,0,0,1,0,0
16,1.7,94252.32,0,1,1,0,1280,1,1,0,0,1,0,0,0,1,0,0,0,2073600,2,0,0,0,0,0,0,0,0,0,0,0,1,0,0,0,0,0,0,0,1,0,0,0
4,2.03,21471.84,0,0,0,0,1024,0,1,0,0,0,0,0,0,1,0,0,0,1049088,4,0,0,1,0,0,0,0,0,0,0,0,0,0,0,0,0,0,0,0,0,1,0,0
4,2.2,28238.4,0,1,0,1,1024,0,1,0,0,0,0,0,0,1,0,0,0,2073600,5,1,0,0,0,0,0,0,0,0,0,0,0,0,0,0,0,0,0,0,0,1,0,0
8,1.88,115709.24,0,1,1,0,256,1,0,0,0,0,0,0,0,0,0,1,0,2073600,5,0,0,0,0,0,0,0,1,0,0,0,0,0,0,0,0,0,0,0,0,0,1,0
4,2.2,24935.04,0,1,0,1,128,1,0,0,0,0,0,0,0,0,0,0,0,2073600,5,0,0,0,0,0,0,0,0,0,0,1,0,0,0,0,0,0,0,0,0,1,0,0
8,1.7,72673.92,0,1,0,1,180,1,0,0,0,0,0,0,0,1,0,0,0,2073600,5,0,0,0,0,0,0,0,0,0,0,1,0,0,0,0,0,0,0,0,0,1,0,0
4,2.8,25059.72,0,1,0,0,1024,0,1,0,0,0,0,0,0,1,0,0,0,1049088,5,0,0,1,0,0,0,0,0,0,0,0,0,0,0,0,0,0,0,0,0,1,0,0
8,2.5,55677.6,0,1,1,0,256,1,0,0,0,0,0,0,0,1,0,0,0,2073600,5,0,0,0,0,0,0,0,1,0,0,0,0,0,0,0,0,0,0,0,0,1,0,0
8,2.0,97449.12,0,1,1,0,256,1,0,0,0,0,0,0,0,1,0,0,0,2073600,4,0,0,0,0,1,0,0,0,0,0,0,0,0,0,0,0,0,0,0,0,1,0,0
8,1.41,50562.72,0,1,0,1,256,1,0,0,0,0,0,0,0,1,0,0,0,2073600,5,0,0,0,0,1,0,0,0,0,0,0,0,0,0,0,0,0,0,0,0,0,1,0
8,1.32,74538.72,0,1,1,0,256,1,0,0,0,0,0,0,0,1,0,0,0,2073600,5,0,0,0,0,0,0,0,1,0,0,0,0,0,0,0,0,0,0,0,0,0,1,0
6,2.3,24455.52,0,1,0,1,1024,0,1,0,0,0,0,0,0,1,0,0,0,1049088,5,0,0,0,0,1,0,0,0,0,0,0,0,0,0,0,0,0,0,0,0,1,0,0
4,1.6,17529.12,0,1,0,0,32,0,0,0,1,0,0,0,0,1,0,0,0,2073600,5,1,0,0,0,0,0,0,0,0,0,0,0,0,0,0,0,0,0,0,0,1,0,0
16,1.8,119427.12,0,1,1,0,2304,1,1,0,0,1,0,0,0,1,0,0,0,2073600,2,0,0,0,0,0,0,0,0,0,0,0,1,0,0,0,0,0,0,0,1,0,0,0
4,1.45,19980.0,0,1,0,0,32,0,0,0,1,0,1,0,0,0,0,0,0,1049088,5,1,0,0,0,0,0,0,0,0,0,0,0,0,0,0,0,0,0,0,0,1,0,0
4,2.1,21205.44,0,1,0,1,500,0,1,0,0,0,0,0,0,0,0,0,0,1049088,5,0,0,0,0,0,0,0,0,0,0,1,0,0,0,0,0,0,0,0,0,1,0,0
4,1.25,58075.2,0,1,0,1,128,1,0,0,0,0,0,0,0,1,0,0,0,1049088,5,0,0,0,0,0,0,0,0,0,0,0,0,0,0,0,1,0,0,0,0,0,1,0
4,2.15,24634.01,0,1,0,1,1024,0,1,0,0,0,0,0,0,0,0,0,0,2073600,5,0,0,0,0,0,0,0,0,0,0,1,0,0,0,0,0,0,0,0,0,1,0,0
4,1.86,32639.86,0,1,0,1,500,0,1,0,0,0,0,0,0,1,0,0,0,1049088,4,0,0,0,0,0,0,0,1,0,0,0,0,0,0,0,0,0,0,0,0,1,0,0
8,1.26,88924.32,0,1,0,1,256,1,0,0,0,0,0,0,0,1,0,0,0,2073600,5,0,0,0,0,0,0,0,1,0,0,0,0,0,0,0,0,0,0,0,0,0,0,0
8,2.6,85194.72,0,1,1,0,256,1,0,0,0,0,0,0,0,1,0,0,0,2073600,3,0,0,0,0,0,0,0,0,0,0,0,1,0,0,0,0,0,0,0,1,0,0,0
4,1.15,35111.52,1,0,0,0,32,0,0,0,1,0,1,0,0,0,0,0,0,3840000,5,0,0,0,0,0,0,0,0,0,0,0,0,0,0,0,0,0,0,1,0,0,0,0
4,2.2,23922.72,0,1,0,1,1024,0,1,0,0,0,0,0,0,1,0,0,0,2073600,4,0,0,0,0,1,0,0,0,0,0,0,0,0,0,0,0,0,0,0,0,1,0,0
6,2.1,25521.12,1,1,0,1,1024,0,1,0,0,0,0,0,0,1,0,0,0,2073600,5,1,0,0,0,0,0,0,0,0,0,0,0,0,0,0,0,0,0,0,0,1,0,0
8,2.0,65214.72,0,1,1,0,1280,1,1,0,0,1,0,0,0,1,0,0,0,2073600,5,0,0,1,0,0,0,0,0,0,0,0,0,0,0,0,0,0,0,0,0,1,0,0
16,2.62,89457.12,0,1,1,0,512,1,0,0,0,0,0,0,0,1,0,0,0,8294400,4,0,0,0,0,1,0,0,0,0,0,0,0,0,0,0,0,0,0,0,1,0,0,0
16,1.3,109170.72,0,1,1,0,512,1,0,0,0,0,0,0,0,1,0,0,0,8294400,5,0,0,0,0,0,0,0,1,0,0,0,0,0,0,0,0,0,0,0,0,0,1,0
16,2.8,69210.72,0,1,1,0,2304,1,1,0,0,1,0,0,0,1,0,0,0,2073600,4,0,0,0,0,1,0,0,0,0,0,0,0,0,0,0,0,0,0,0,0,1,0,0
8,2.2,63499.1,0,1,1,0,1152,1,1,0,0,1,0,0,0,1,0,0,0,2073600,4,0,0,0,0,0,0,0,0,0,0,0,1,0,0,0,0,0,0,0,1,0,0,0
4,2.2,24988.32,0,1,0,1,1024,0,1,0,0,0,0,0,0,0,0,0,0,2073600,5,0,0,0,0,0,0,0,0,0,0,1,0,0,0,0,0,0,0,0,0,1,0,0
4,2.31,37570.39,0,1,0,1,500,0,1,0,0,0,0,0,0,1,0,0,0,1049088,5,0,0,0,0,0,0,0,1,0,0,0,0,0,0,0,0,0,0,0,0,1,0,0
8,2.5,66546.72,0,1,1,0,1152,1,1,0,0,1,0,0,0,1,0,0,0,2073600,4,0,0,0,0,0,0,0,0,0,0,1,0,0,0,0,0,0,0,0,1,0,0,0
4,2.3,34578.72,0,1,0,1,256,1,0,0,0,0,0,0,0,1,0,0,0,1049088,5,0,0,0,0,0,1,0,0,0,0,0,0,0,0,0,0,0,0,0,0,1,0,0
4,1.64,41505.12,0,1,0,1,500,0,1,0,0,0,0,0,0,1,0,0,0,1049088,5,0,0,0,0,0,0,0,1,0,0,0,0,0,0,0,0,0,0,0,0,1,0,0
16,2.2,69210.72,0,1,1,0,1280,1,1,0,0,1,0,0,0,1,0,0,0,2073600,4,0,0,0,0,0,0,0,0,0,0,0,1,0,0,0,0,0,0,0,1,0,0,0
6,2.65,30316.32,0,0,0,1,2048,0,1,0,0,0,0,0,0,1,0,0,0,2073600,3,0,0,0,0,0,0,0,1,0,0,0,0,0,0,0,0,0,0,0,0,1,0,0
8,2.1,65510.96,0,1,1,0,256,1,0,0,0,0,0,0,0,1,0,0,0,2073600,4,0,0,0,0,0,0,0,0,0,0,1,0,0,0,0,0,0,0,0,0,1,0,0
2,2.19,10602.72,0,1,0,0,16,1,0,0,0,0,1,0,0,0,0,0,0,1049088,5,1,0,0,0,0,0,0,0,0,0,0,0,0,0,0,0,0,0,0,0,1,0,0
6,2.71,34898.93,0,0,0,1,2048,0,1,0,0,0,0,0,0,1,0,0,0,2073600,4,0,0,0,0,0,0,0,1,0,0,0,0,0,0,0,0,0,0,0,0,1,0,0
4,2.3,34045.92,0,1,0,1,256,1,0,0,0,0,0,0,0,1,0,0,0,2073600,4,0,0,0,0,1,0,0,0,0,0,0,0,0,0,0,0,0,0,0,0,1,0,0
4,1.59,29463.84,0,1,0,0,128,1,0,0,0,0,0,0,0,1,0,0,0,1049088,5,0,0,0,0,0,0,0,0,0,0,1,0,0,0,0,0,0,0,0,0,0,0,0
4,1.4,32767.2,1,1,0,0,32,0,0,0,1,0,1,0,0,0,0,0,0,1049088,5,0,0,0,0,0,0,0,1,0,0,0,0,0,0,0,0,0,0,1,0,0,0,0
8,1.21,103842.72,1,1,1,0,256,1,0,0,0,0,0,0,0,1,0,0,0,8294400,5,0,0,0,0,1,0,0,0,0,0,0,0,0,0,0,0,0,0,0,0,0,1,0
6,1.58,35111.52,0,1,0,1,256,1,0,0,0,0,0,0,0,1,0,0,0,2073600,5,0,0,0,0,0,0,0,1,0,0,0,0,0,0,0,0,0,0,0,0,1,0,0
8,1.37,96095.81,0,1,0,1,256,1,0,0,0,0,0,0,0,0,0,0,1,4096000,5,0,1,0,0,0,0,0,0,0,0,0,0,0,0,0,0,0,0,0,0,0,1,0
8,1.3,55091.52,1,1,0,1,256,1,0,0,0,0,0,0,0,1,0,0,0,2073600,5,0,0,0,0,0,0,0,0,0,0,1,0,0,0,0,0,0,0,1,0,0,0,0
4,2.4,20619.36,0,0,0,1,500,0,1,0,0,0,0,0,0,1,0,0,0,1049088,4,1,0,0,0,0,0,0,0,0,0,0,0,0,0,0,0,0,0,0,0,1,0,0
8,2.13,40908.38,0,1,1,0,256,1,0,0,0,0,0,0,0,1,0,0,0,2073600,4,0,0,0,0,1,0,0,0,0,0,0,0,0,0,0,0,0,0,0,0,1,0,0
12,2.15,35111.52,1,1,1,0,1024,0,1,0,0,0,0,0,0,1,0,0,0,2073600,5,1,0,0,0,0,0,0,0,0,0,0,0,0,0,0,0,0,0,0,0,1,0,0
8,2.4,43636.32,0,1,1,0,1024,0,1,0,0,0,0,0,0,1,0,0,0,2073600,4,0,0,0,0,0,0,0,0,0,0,1,0,0,0,0,0,0,0,0,1,0,0,0
8,1.42,98133.77,1,1,0,1,256,1,0,0,0,0,0,0,0,1,0,0,0,2073600,5,0,0,0,0,1,0,0,0,0,0,0,0,0,0,0,0,0,0,0,0,0,1,0
4,1.96,26586.72,0,1,0,1,500,0,1,0,0,0,0,0,0,0,0,0,0,1049088,5,0,0,0,0,0,0,0,1,0,0,0,0,0,0,0,0,0,0,0,0,1,0,0
8,1.9,50349.6,0,1,0,1,128,1,0,0,0,0,0,0,0,1,0,0,0,2073600,5,0,0,0,0,1,0,0,0,0,0,0,0,0,0,0,0,0,0,0,0,1,0,0
8,2.2,59668.8,0,1,1,0,1152,1,1,0,0,1,0,0,0,1,0,0,0,2073600,4,0,0,0,0,0,0,0,0,0,0,0,1,0,0,0,0,0,0,0,1,0,0,0
4,2.45,30849.12,0,1,1,0,1024,0,1,0,0,0,0,0,0,0,0,0,0,1049088,4,0,0,1,0,0,0,0,0,0,0,0,0,0,0,0,0,0,0,0,0,1,0,0
8,1.26,71128.8,0,1,1,0,256,1,0,0,0,0,0,0,0,1,0,0,0,2073600,5,0,0,0,0,0,0,0,1,0,0,0,0,0,0,0,0,0,0,0,0,0,1,0
8,2.33,47898.72,0,1,1,0,256,1,0,0,0,0,0,0,0,1,0,0,0,2073600,3,0,0,0,0,1,0,0,0,0,0,0,0,0,0,0,0,0,0,0,0,1,0,0
8,2.2,59620.32,0,1,0,1,256,1,0,0,0,0,0,0,0,1,0,0,0,1049088,5,0,0,0,0,0,0,0,0,0,0,0,0,0,0,0,1,0,0,0,0,1,0,0
4,2.0,14651.47,0,1,0,0,1024,0,1,0,0,0,0,1,0,0,0,0,0,1049088,5,0,0,1,0,0,0,0,0,0,0,0,0,0,0,0,0,0,0,0,0,1,0,0
4,1.74,33513.12,1,1,0,1,256,1,0,0,0,0,0,0,0,1,0,0,0,2073600,5,0,0,0,0,0,0,0,0,0,0,1,0,0,0,0,0,0,0,1,0,0,0,0
8,2.5,49443.84,0,1,0,1,256,1,0,0,0,0,0,0,0,1,0,0,0,2073600,5,0,0,0,0,0,0,0,1,0,0,0,0,0,0,0,0,0,0,0,0,1,0,0
8,1.48,108744.48,1,1,1,0,512,1,0,0,0,0,0,0,0,1,0,0,0,3686400,5,0,0,0,0,0,0,0,1,0,0,0,0,0,0,0,0,0,0,1,0,0,0,0
8,2.31,59886.72,0,1,0,1,256,1,0,0,0,0,0,0,0,1,0,0,0,1049088,5,0,0,0,0,0,0,0,1,0,0,0,0,0,0,0,0,0,0,0,0,1,0,0
8,2.5,55837.44,0,1,1,0,1152,1,1,0,0,1,0,0,0,1,0,0,0,2073600,4,0,0,0,0,0,0,0,0,0,0,1,0,0,0,0,0,0,0,0,1,0,0,0
4,1.4,14119.2,0,1,0,0,32,0,1,0,0,0,0,0,0,1,0,0,0,2304000,5,0,0,0,0,0,0,0,0,0,0,0,0,1,0,0,0,0,0,0,0,1,0,0
8,1.49,58767.84,0,1,1,0,512,1,0,0,0,0,0,0,0,1,0,0,0,2073600,5,0,0,0,0,0,0,0,1,0,0,0,0,0,0,0,0,0,0,0,0,1,0,0
8,0.92,62071.2,0,1,0,0,512,0,0,0,1,0,0,0,1,0,0,0,0,3317760,5,0,1,0,0,0,0,0,0,0,0,0,0,0,0,0,0,0,0,0,0,0,1,0
8,2.0,73952.64,0,1,1,0,256,1,0,0,0,0,0,0,0,1,0,0,0,2073600,5,0,0,0,0,0,0,0,0,0,0,0,0,0,0,0,1,0,0,0,0,1,0,0
8,3.35,63456.48,0,1,1,0,1152,1,1,0,0,1,0,0,0,1,0,0,0,2073600,4,0,0,0,0,0,0,0,1,0,0,0,0,0,0,0,0,0,0,0,1,0,0,0
4,2.2,23655.79,0,1,0,0,500,0,1,0,0,0,0,0,0,1,0,0,0,1049088,5,0,0,0,0,1,0,0,0,0,0,0,0,0,0,0,0,0,0,0,0,1,0,0
4,2.1,23816.16,0,1,0,1,1024,0,1,0,0,0,0,0,0,1,0,0,0,1049088,5,1,0,0,0,0,0,0,0,0,0,0,0,0,0,0,0,0,0,0,0,1,0,0
4,2.1,15930.72,0,1,0,0,500,0,1,0,0,0,0,0,0,1,0,0,0,1049088,5,0,0,0,0,0,0,0,0,0,0,1,0,0,0,0,0,0,0,0,0,1,0,0
16,2.18,98834.4,0,1,1,0,512,1,0,0,0,0,0,0,0,0,0,1,0,2073600,1,0,0,0,0,0,0,0,0,0,0,1,0,0,0,0,0,0,0,0,0,0,0,1
8,1.6,58554.72,0,1,1,0,256,1,0,0,0,0,0,1,0,0,0,0,0,2073600,5,0,0,0,0,1,0,0,0,0,0,0,0,0,0,0,0,0,0,0,0,0,1,0
8,3.0,35111.52,0,1,0,1,1024,0,1,0,0,0,0,0,0,1,0,0,0,1440000,4,0,0,0,0,0,0,0,0,0,0,1,0,0,0,0,0,0,0,0,0,1,0,0
4,2.4,20246.4,0,1,0,0,500,0,1,0,0,0,0,0,0,1,0,0,0,1049088,5,1,0,0,0,0,0,0,0,0,0,0,0,0,0,0,0,0,0,0,0,1,0,0
16,2.4,60153.12,0,1,1,0,2304,1,1,0,0,1,0,0,0,1,0,0,0,2073600,4,0,0,0,0,0,0,0,0,0,0,1,0,0,0,0,0,0,0,0,1,0,0,0
8,1.22,52161.12,1,1,0,1,128,1,0,0,0,0,0,0,0,1,0,0,0,2073600,5,0,0,0,0,1,0,0,0,0,0,0,0,0,0,0,0,0,0,0,0,0,1,0
8,2.0,35431.2,0,1,0,1,256,1,0,0,0,0,0,0,0,1,0,0,0,1049088,5,0,0,0,0,1,0,0,0,0,0,0,0,0,0,0,0,0,0,0,0,1,0,0
4,2.1,19553.76,0,1,0,1,1024,0,1,0,0,0,0,1,0,0,0,0,0,1049088,5,1,0,0,0,0,0,0,0,0,0,0,0,0,0,0,0,0,0,0,0,1,0,0
8,2.04,47952.0,0,1,1,0,1024,0,1,0,0,0,0,0,0,1,0,0,0,2073600,5,0,0,0,0,0,0,0,1,0,0,0,0,0,0,0,0,0,0,0,0,1,0,0
8,1.2,74538.72,1,1,1,0,256,1,0,0,0,0,0,0,0,1,0,0,0,5760000,5,0,0,0,0,1,0,0,0,0,0,0,0,0,0,0,0,0,0,0,0,0,1,0
8,1.24,107257.97,1,1,1,0,512,1,0,0,0,0,0,0,0,1,0,0,0,5760000,5,0,0,0,0,1,0,0,0,0,0,0,0,0,0,0,0,0,0,1,0,0,0,0
4,2.2,24935.04,0,1,0,1,1024,0,1,0,0,0,0,0,0,1,0,0,0,2073600,5,0,0,0,0,0,0,0,0,0,0,1,0,0,0,0,0,0,0,0,0,1,0,0
8,3.2,90309.6,0,0,0,0,1280,1,1,0,0,1,0,0,0,1,0,0,0,2073600,4,0,0,1,0,0,0,0,0,0,0,0,0,0,0,0,0,0,0,0,1,0,0,0
4,1.95,67399.2,0,1,0,1,128,1,0,0,0,0,0,0,0,1,0,0,0,2073600,5,0,0,0,0,0,0,0,1,0,0,0,0,0,0,0,0,0,0,0,0,1,0,0
4,1.4,13266.72,0,1,0,0,32,1,0,0,0,0,0,0,0,1,0,0,0,2073600,5,0,0,0,0,0,0,0,0,0,0,0,0,1,0,0,0,0,0,0,0,1,0,0
8,1.5,32980.32,0,1,0,1,128,1,0,0,0,0,0,0,0,1,0,0,0,2073600,5,1,0,0,0,0,0,0,0,0,0,0,0,0,0,0,0,0,0,0,0,1,0,0
8,2.62,79813.44,0,1,1,0,1152,1,1,0,0,1,0,0,0,1,0,0,0,8294400,4,0,0,0,0,1,0,0,0,0,0,0,0,0,0,0,0,0,0,0,1,0,0,0
16,1.91,114731.55,0,1,1,0,1152,1,1,0,0,1,0,0,0,1,0,0,0,2073600,2,0,0,0,0,0,0,0,0,0,0,0,1,0,0,0,0,0,0,0,1,0,0,0
8,2.1,46833.12,0,1,0,1,256,1,0,0,0,0,0,0,0,1,0,0,0,2073600,5,0,0,0,0,0,0,0,1,0,0,0,0,0,0,0,0,0,0,0,0,1,0,0
8,1.95,63882.72,0,1,0,1,256,1,0,0,0,0,0,0,0,0,0,0,0,2073600,5,0,0,0,0,0,0,0,0,0,0,0,0,0,0,0,0,0,1,0,0,1,0,0
8,2.67,42570.72,1,1,0,1,256,1,0,0,0,0,0,0,0,1,0,0,0,2073600,5,0,0,0,0,1,0,0,0,0,0,0,0,0,0,0,0,0,0,1,0,0,0,0
8,2.2,35644.32,0,1,1,0,1024,0,1,0,0,0,0,0,0,1,0,0,0,2073600,5,0,0,0,0,0,0,0,0,0,0,1,0,0,0,0,0,0,0,0,0,1,0,0
6,1.54,44275.68,0,1,1,0,256,1,0,0,0,0,0,0,0,1,0,0,0,2073600,5,0,0,0,0,0,0,0,0,0,0,1,0,0,0,0,0,0,0,0,0,0,1,0
8,1.84,112065.96,0,1,0,1,756,1,1,0,0,1,0,0,0,1,0,0,0,2073600,5,0,0,0,0,0,0,0,1,0,0,0,0,0,0,0,0,0,0,0,0,1,0,0
8,1.28,136343.52,1,1,1,0,256,1,0,0,0,0,0,0,0,1,0,0,0,2073600,5,0,0,0,0,0,0,0,1,0,0,0,0,0,0,0,0,0,0,1,0,0,0,0
6,2.19,40705.92,0,1,1,0,1024,0,1,0,0,0,0,0,0,1,0,0,0,1049088,4,0,0,0,0,0,0,0,1,0,0,0,0,0,0,0,0,0,0,0,0,1,0,0
4,1.63,36709.92,0,1,0,1,128,1,0,0,0,0,0,0,0,1,0,0,0,1049088,5,0,0,0,0,0,0,0,1,0,0,0,0,0,0,0,0,0,0,0,0,1,0,0
4,3.0,42890.4,0,1,0,1,256,1,0,0,0,0,0,0,0,1,0,0,0,2073600,5,1,0,0,0,0,0,0,0,0,0,0,0,0,0,0,0,0,0,0,0,1,0,0
4,1.7,37242.72,0,1,0,1,256,1,0,0,0,0,0,0,0,1,0,0,0,2073600,5,0,0,0,0,0,0,0,0,0,0,1,0,0,0,0,0,0,0,0,0,1,0,0
8,1.9,62817.12,0,1,0,1,256,1,0,0,0,0,0,0,0,1,0,0,0,2073600,5,0,0,0,0,1,0,0,0,0,0,0,0,0,0,0,0,0,0,0,0,1,0,0
4,1.95,61218.72,0,1,0,1,500,0,1,0,0,0,0,0,0,1,0,0,0,1049088,5,0,0,0,0,0,0,0,1,0,0,0,0,0,0,0,0,0,0,0,0,1,0,0
8,1.1,53226.72,0,1,0,1,256,1,0,0,0,0,0,0,0,1,0,0,0,2073600,5,0,0,0,0,0,0,0,0,0,0,1,0,0,0,0,0,0,0,0,0,1,0,0
8,1.09,122490.72,0,1,1,0,512,1,0,0,0,0,0,0,0,1,0,0,0,2073600,5,0,0,0,0,0,0,0,0,0,1,0,0,0,0,0,0,0,0,0,0,0,1,0
8,1.29,78694.56,1,1,1,0,256,1,0,0,0,0,0,0,0,1,0,0,0,5760000,5,0,0,0,0,1,0,0,0,0,0,0,0,0,0,0,0,0,0,0,0,0,1,0
8,1.25,81784.8,1,1,0,1,256,1,0,0,0,0,0,0,0,1,0,0,0,2073600,5,0,0,0,0,0,0,0,0,0,0,0,0,0,0,0,1,0,0,0,0,1,0,0
4,1.96,26640.0,0,1,0,0,1024,0,1,0,0,0,0,0,0,1,0,0,0,1049088,5,0,0,0,0,0,0,0,1,0,0,0,0,0,0,0,0,0,0,0,0,1,0,0
4,1.93,46300.32,0,1,0,1,500,0,1,0,0,0,0,1,0,0,0,0,0,1049088,5,0,0,0,0,1,0,0,0,0,0,0,0,0,0,0,0,0,0,0,0,1,0,0
4,1.54,58607.47,0,1,0,1,256,1,0,0,0,0,0,0,0,0,0,1,0,2073600,5,0,0,0,0,0,0,0,1,0,0,0,0,0,0,0,0,0,0,0,0,1,0,0
8,1.29,79866.72,0,1,0,1,256,1,0,0,0,0,0,0,0,1,0,0,0,2073600,5,0,0,0,0,1,0,0,0,0,0,0,0,0,0,0,0,0,0,0,0,0,1,0
4,2.07,48484.8,0,1,0,1,500,0,1,0,0,0,0,0,0,1,0,0,0,2073600,5,0,0,0,0,0,0,0,1,0,0,0,0,0,0,0,0,0,0,0,0,1,0,0
16,1.83,152274.24,0,1,1,0,512,1,0,0,0,0,0,0,0,0,0,0,1,5184000,4,0,1,0,0,0,0,0,0,0,0,0,0,0,0,0,0,0,0,0,0,0,1,0
8,1.6,47099.52,0,1,1,0,256,1,0,0,0,0,0,0,0,1,0,0,0,2073600,5,1,0,0,0,0,0,0,0,0,0,0,0,0,0,0,0,0,0,0,0,0,1,0
16,1.88,85672.11,0,1,1,0,768,1,0,0,0,0,0,0,0,1,0,0,0,2073600,5,0,0,0,0,1,0,0,0,0,0,0,0,0,0,0,0,0,0,0,0,0,1,0
8,2.2,39693.6,0,1,1,0,1024,0,1,0,0,0,0,0,0,1,0,0,0,2073600,5,1,0,0,0,0,0,0,0,0,0,0,0,0,0,0,0,0,0,0,0,1,0,0
4,2.31,63349.92,0,1,0,1,500,0,1,0,0,0,0,0,0,1,0,0,0,1049088,5,0,0,0,0,0,0,0,1,0,0,0,0,0,0,0,0,0,0,0,0,1,0,0
2,1.17,11135.52,0,1,0,0,32,0,0,0,1,0,0,0,0,1,0,0,0,1049088,5,0,0,0,0,0,0,0,1,0,0,0,0,0,0,0,0,0,0,0,0,0,0,0
4,2.1,26267.04,0,1,0,1,128,1,0,0,0,0,0,0,0,1,0,0,0,1049088,5,0,0,0,0,0,0,0,0,0,0,1,0,0,0,0,0,0,0,0,0,1,0,0
8,1.7,59567.04,0,1,1,0,256,1,0,0,0,0,0,0,0,1,0,0,0,2073600,5,0,0,1,0,0,0,0,0,0,0,0,0,0,0,0,0,0,0,0,0,1,0,0
6,2.3,24455.52,0,1,0,1,1024,0,1,0,0,0,0,0,0,1,0,0,0,1049088,5,0,0,0,0,1,0,0,0,0,0,0,0,0,0,0,0,0,0,0,0,1,0,0
4,1.9,43956.0,0,1,0,1,500,0,1,0,0,0,0,0,0,1,0,0,0,1049088,5,0,0,0,0,1,0,0,0,0,0,0,0,0,0,0,0,0,0,0,0,1,0,0
16,2.2,60472.8,0,1,1,0,2304,1,1,0,0,1,0,0,0,1,0,0,0,2073600,4,0,0,0,0,1,0,0,0,0,0,0,0,0,0,0,0,0,0,0,0,1,0,0
8,2.8,57808.8,0,1,1,0,1152,1,1,0,0,1,0,0,0,1,0,0,0,2073600,4,0,0,0,0,1,0,0,0,0,0,0,0,0,0,0,0,0,0,0,0,1,0,0
8,2.2,35111.52,0,0,0,1,256,1,0,0,0,0,0,0,0,1,0,0,0,1049088,4,1,0,0,0,0,0,0,0,0,0,0,0,0,0,0,0,0,0,0,0,1,0,0
8,2.0,45820.8,0,1,0,1,500,0,1,0,0,0,0,0,0,1,0,0,0,2073600,5,0,0,0,0,0,0,0,0,0,0,0,0,0,0,0,1,0,0,0,0,1,0,0
4,1.91,26053.39,0,0,0,0,256,1,0,0,0,0,0,0,0,1,0,0,0,2073600,4,0,0,0,0,0,0,0,1,0,0,0,0,0,0,0,0,0,0,0,0,1,0,0
8,2.04,33513.12,0,1,1,0,2048,0,1,0,0,0,0,0,0,1,0,0,0,1049088,5,0,0,0,0,0,0,0,1,0,0,0,0,0,0,0,0,0,0,0,0,1,0,0
8,1.26,100965.6,0,1,0,1,256,1,0,0,0,0,0,0,0,0,0,1,0,1049088,5,0,0,0,0,0,0,0,1,0,0,0,0,0,0,0,0,0,0,0,0,0,1,0
8,2.18,42081.08,0,1,0,1,256,1,0,0,0,0,0,0,0,1,0,0,0,2073600,4,0,0,0,0,1,0,0,0,0,0,0,0,0,0,0,0,0,0,0,0,1,0,0
16,1.05,118601.28,0,1,1,0,512,1,0,0,0,0,0,0,0,1,0,0,0,2073600,5,0,0,0,0,0,0,0,0,0,0,0,0,0,0,0,1,0,0,0,0,0,1,0
8,2.65,28992.31,0,1,0,1,1024,0,1,0,0,0,0,0,0,1,0,0,0,1440000,5,0,0,0,0,0,0,0,1,0,0,0,0,0,0,0,0,0,0,0,0,1,0,0
16,1.13,139860.0,0,1,1,0,1024,1,0,0,0,0,0,0,0,1,0,0,0,3686400,5,0,0,0,0,0,0,0,0,0,0,1,0,0,0,0,0,0,0,0,0,0,1,0
8,3.2,69210.72,0,0,0,0,1280,1,1,0,0,1,0,0,0,1,0,0,0,2073600,4,0,0,1,0,0,0,0,0,0,0,0,0,0,0,0,0,0,0,0,1,0,0,0
8,2.4,61218.72,0,1,1,0,1280,1,1,0,0,1,0,0,0,0,0,0,0,2073600,3,0,0,0,0,0,0,0,0,0,0,1,0,0,0,0,0,0,0,0,1,0,0,0
4,2.1,18541.44,0,1,0,0,1024,0,1,0,0,0,0,0,0,1,0,0,0,1049088,5,1,0,0,0,0,0,0,0,0,0,0,0,0,0,0,0,0,0,0,0,1,0,0
8,2.59,118761.12,0,1,1,0,256,1,0,0,0,0,0,0,0,0,0,1,0,2073600,1,0,0,0,0,0,0,0,1,0,0,0,0,0,0,0,0,0,0,0,0,0,0,1
16,2.02,55890.72,0,1,1,0,2304,1,1,0,0,1,0,1,0,0,0,0,0,2073600,4,0,0,0,0,1,0,0,0,0,0,0,0,0,0,0,0,0,0,0,0,1,0,0
8,2.2,39693.6,0,1,1,0,256,1,0,0,0,0,0,0,0,1,0,0,0,2073600,4,0,0,0,0,1,0,0,0,0,0,0,0,0,0,0,0,0,0,0,0,1,0,0
4,1.87,41824.8,0,1,0,1,500,0,1,0,0,0,0,0,0,1,0,0,0,2073600,5,0,0,0,0,0,0,0,0,0,0,1,0,0,0,0,0,0,0,0,0,1,0,0
8,2.2,44808.48,0,1,1,0,256,1,0,0,0,0,0,0,0,1,0,0,0,2073600,5,1,0,0,0,0,0,0,0,0,0,0,0,0,0,0,0,0,0,0,0,1,0,0
8,2.23,39533.76,0,1,1,0,1024,0,1,0,0,0,0,0,0,1,0,0,0,2073600,5,1,0,0,0,0,0,0,0,0,0,0,0,0,0,0,0,0,0,0,0,1,0,0
8,2.73,94305.6,0,1,1,0,1152,1,1,0,0,1,0,0,0,1,0,0,0,2073600,3,0,0,1,0,0,0,0,0,0,0,0,0,0,0,0,0,0,0,0,1,0,0,0
4,2.2,26586.72,0,1,0,1,128,1,0,0,0,0,0,0,0,1,0,0,0,2073600,5,0,0,0,0,0,0,0,0,0,0,1,0,0,0,0,0,0,0,0,0,1,0,0
16,1.8,102777.12,0,1,1,0,1280,1,1,0,0,1,0,0,0,1,0,0,0,2073600,3,0,0,0,0,0,0,0,0,0,0,0,1,0,0,0,0,0,0,0,1,0,0,0
8,1.2,84715.2,0,1,0,1,256,1,0,0,0,0,0,0,0,1,0,0,0,2073600,5,0,0,0,0,0,0,0,0,0,0,0,0,0,0,0,1,0,0,0,0,0,1,0
32,3.58,68145.12,0,1,1,0,512,1,0,0,0,0,0,0,0,1,0,0,0,2073600,1,0,0,1,0,0,0,0,0,0,0,0,0,0,0,0,0,0,0,0,1,0,0,0
4,2.31,63882.72,0,1,0,1,500,0,1,0,0,0,0,0,0,1,0,0,0,1049088,5,0,0,0,0,0,0,0,1,0,0,0,0,0,0,0,0,0,0,0,0,1,0,0
16,2.2,64961.11,0,1,1,0,2304,1,1,0,0,1,0,0,0,1,0,0,0,2073600,4,0,0,0,0,1,0,0,0,0,0,0,0,0,0,0,0,0,0,0,0,1,0,0
16,2.6,54825.12,1,1,1,0,1152,1,1,0,0,1,0,0,0,1,0,0,0,2073600,3,0,0,0,0,0,0,0,0,0,0,1,0,0,0,0,0,0,0,0,1,0,0,0
16,1.28,105228.0,1,1,1,0,256,1,0,0,0,0,0,0,0,1,0,0,0,2073600,5,0,0,0,0,0,0,0,1,0,0,0,0,0,0,0,0,0,0,1,0,0,0,0
4,2.23,36816.48,0,1,0,1,256,1,0,0,0,0,0,0,0,1,0,0,0,2073600,5,1,0,0,0,0,0,0,0,0,0,0,0,0,0,0,0,0,0,0,0,1,0,0
4,2.38,56210.4,0,1,0,1,500,0,1,0,0,0,0,0,0,1,0,0,0,1049088,5,0,0,0,0,0,0,0,0,0,0,1,0,0,0,0,0,0,0,0,0,1,0,0
8,1.11,61218.72,0,1,0,1,256,1,0,0,0,0,0,0,0,1,0,0,0,2073600,5,0,0,0,0,0,0,0,1,0,0,0,0,0,0,0,0,0,0,0,0,1,0,0
8,2.69,47365.92,0,1,1,0,1152,1,1,0,0,1,0,0,0,0,0,0,0,2073600,4,0,0,1,0,0,0,0,0,0,0,0,0,0,0,0,0,0,0,0,0,1,0,0
8,2.2,42624.0,0,1,0,1,256,1,0,0,0,0,0,0,0,1,0,0,0,2073600,4,0,0,0,0,1,0,0,0,0,0,0,0,0,0,0,0,0,0,0,0,1,0,0
4,2.2,19180.27,0,1,0,0,1024,0,1,0,0,0,0,0,0,0,0,0,0,1049088,5,0,0,0,0,0,0,0,0,0,0,1,0,0,0,0,0,0,0,0,0,1,0,0
4,1.86,21258.72,0,0,0,0,500,0,1,0,0,0,0,0,0,1,0,0,0,1049088,5,0,0,0,0,0,0,0,1,0,0,0,0,0,0,0,0,0,0,0,0,1,0,0
4,2.2,24988.32,0,1,0,1,500,0,1,0,0,0,0,0,0,1,0,0,0,1049088,5,1,0,0,0,0,0,0,0,0,0,0,0,0,0,0,0,0,0,0,0,1,0,0
4,1.8,33992.64,1,1,1,0,128,1,0,0,0,0,0,0,0,1,0,0,0,2073600,5,0,0,0,0,0,0,0,0,0,0,1,0,0,0,0,0,0,0,1,0,0,0,0
16,3.0,84768.48,0,1,1,0,1280,1,1,0,0,1,0,0,0,1,0,0,0,2073600,4,0,0,1,0,0,0,0,0,0,0,0,0,0,0,0,0,0,0,0,1,0,0,0
8,2.04,29783.52,1,1,0,1,1024,0,1,0,0,0,0,0,0,1,0,0,0,1049088,5,0,0,0,0,0,0,0,1,0,0,0,0,0,0,0,0,0,0,0,0,1,0,0
4,1.86,26037.4,0,1,0,1,1024,0,1,0,0,0,0,0,0,1,0,0,0,1049088,5,0,0,0,0,0,0,0,1,0,0,0,0,0,0,0,0,0,0,0,0,1,0,0
8,2.7,71847.01,0,1,1,0,1152,1,1,0,0,1,0,0,0,1,0,0,0,2073600,4,0,0,0,0,0,0,0,0,0,0,0,1,0,0,0,0,0,0,0,1,0,0,0
4,2.1,26101.87,0,1,0,1,500,0,1,0,0,0,0,0,0,1,0,0,0,1049088,5,0,0,0,0,0,0,0,0,0,0,1,0,0,0,0,0,0,0,0,0,1,0,0
4,2.2,38378.65,0,1,1,0,500,0,1,0,0,0,0,0,0,1,0,0,0,1049088,5,0,0,1,0,0,0,0,0,0,0,0,0,0,0,0,0,0,0,0,0,1,0,0
16,2.9,81465.12,0,1,1,0,1280,1,1,0,0,1,0,0,0,1,0,0,0,2073600,4,0,0,1,0,0,0,0,0,0,0,0,0,0,0,0,0,0,0,0,1,0,0,0
8,1.4,85194.72,1,1,0,1,256,1,0,0,0,0,0,0,0,1,0,0,0,2073600,5,0,0,0,0,0,0,0,0,0,0,1,0,0,0,0,0,0,0,1,0,0,0,0
8,1.36,93772.8,0,1,0,1,256,1,0,0,0,0,0,0,0,1,0,0,0,2073600,5,0,0,0,0,0,0,0,0,0,0,1,0,0,0,0,0,0,0,0,0,0,1,0
4,1.8,33992.64,1,1,1,0,128,1,0,0,0,0,0,0,0,1,0,0,0,2073600,5,0,0,0,0,0,0,0,0,0,0,1,0,0,0,0,0,0,0,1,0,0,0,0
2,1.68,17582.4,0,1,0,0,32,0,0,0,1,0,1,0,0,0,0,0,0,1049088,5,1,0,0,0,0,0,0,0,0,0,0,0,0,0,0,0,0,0,0,0,1,0,0
16,1.2,99580.32,1,1,1,0,512,1,0,0,0,0,0,0,0,1,0,0,0,5760000,5,0,0,0,0,1,0,0,0,0,0,0,0,0,0,0,0,0,0,0,0,0,1,0
4,2.2,11135.52,0,1,0,0,16,1,0,0,0,0,1,0,0,0,0,0,0,1049088,5,1,0,0,0,0,0,0,0,0,0,0,0,0,0,0,0,0,0,0,0,1,0,0
8,1.84,40066.56,0,1,1,0,256,1,0,0,0,0,0,0,0,1,0,0,0,2073600,5,0,0,0,0,0,0,0,1,0,0,0,0,0,0,0,0,0,0,0,0,0,1,0
6,2.3,23389.92,1,1,0,1,1024,0,1,0,0,0,0,0,0,1,0,0,0,1049088,5,0,0,0,0,1,0,0,0,0,0,0,0,0,0,0,0,0,0,0,0,1,0,0
8,2.3,30529.44,0,1,0,1,256,1,0,0,0,0,0,0,0,0,0,0,0,2073600,5,0,0,0,0,0,0,0,0,0,0,1,0,0,0,0,0,0,0,0,0,1,0,0
8,2.191,53226.72,1,1,0,1,256,1,0,0,0,0,0,0,0,1,0,0,0,2073600,5,0,0,0,0,1,0,0,0,0,0,0,0,0,0,0,0,0,0,1,0,0,0,0
8,1.84,65480.59,0,1,1,0,256,1,0,0,0,0,0,0,0,1,0,0,0,2073600,5,0,0,0,0,0,0,0,1,0,0,0,0,0,0,0,0,0,0,0,0,1,0,0
12,2.62,95850.72,0,1,1,0,1024,0,1,0,0,0,0,0,0,1,0,0,0,2073600,3,0,0,0,0,0,0,0,1,0,0,0,0,0,0,0,0,0,0,0,1,0,0,0
16,2.5,95850.72,0,1,1,0,1280,1,1,0,0,1,0,0,0,1,0,0,0,2073600,4,0,0,1,0,0,0,0,0,0,0,0,0,0,0,0,0,0,0,0,1,0,0,0
8,1.2,38841.12,0,1,0,0,512,1,0,0,0,0,0,0,0,1,0,0,0,2073600,5,0,0,1,0,0,0,0,0,0,0,0,0,0,0,0,0,0,0,0,0,0,1,0
16,1.3,79866.72,1,1,1,0,512,1,0,0,0,0,0,0,0,1,0,0,0,5760000,5,0,0,0,0,0,0,0,0,0,0,1,0,0,0,0,0,0,0,1,0,0,0,0
2,1.3,9270.72,0,1,0,0,32,1,0,0,0,0,1,0,0,0,0,0,0,1049088,5,1,0,0,0,0,0,0,0,0,0,0,0,0,0,0,0,0,0,0,0,0,0,0
4,1.44,39160.8,0,1,0,1,180,1,0,0,0,0,0,0,0,1,0,0,0,2073600,5,0,0,0,0,0,0,0,0,0,0,1,0,0,0,0,0,0,0,0,0,1,0,0
2,1.4,12733.92,0,1,0,0,32,0,0,0,1,0,0,0,0,1,0,0,0,2073600,5,0,0,0,0,0,0,0,0,0,0,0,0,1,0,0,0,0,0,0,0,1,0,0
8,2.56,56502.91,0,1,1,0,1152,1,1,0,0,1,0,0,0,1,0,0,0,2073600,4,0,0,0,0,1,0,0,0,0,0,0,0,0,0,0,0,0,0,0,1,0,0,0
8,1.55,35111.52,1,1,0,1,1024,0,1,0,0,0,0,0,0,1,0,0,0,2073600,5,0,0,0,0,1,0,0,0,0,0,0,0,0,0,0,0,0,0,1,0,0,0,0
16,2.77,95850.72,1,1,1,0,512,1,0,0,0,0,0,0,0,1,0,0,0,2073600,5,0,0,0,0,1,0,0,0,0,0,0,0,0,0,0,0,0,0,1,0,0,0,0
4,1.49,40173.12,0,1,0,1,500,0,1,0,0,0,0,0,0,1,0,0,0,2073600,5,0,0,0,0,0,0,0,1,0,0,0,0,0,0,0,0,0,0,0,0,1,0,0
16,2.43,141138.72,0,1,1,0,2560,1,1,0,0,1,0,0,0,1,0,0,0,8294400,3,0,0,0,0,0,0,0,0,0,0,0,1,0,0,0,0,0,0,0,1,0,0,0
8,1.31,85194.72,1,1,1,0,256,1,0,0,0,0,0,0,0,1,0,0,0,2073600,5,0,0,0,0,0,0,0,0,0,0,0,0,0,0,0,0,0,0,0,0,0,1,0
4,1.5,60480.79,0,1,0,1,500,0,1,0,0,0,0,0,0,0,0,1,0,1049088,5,0,0,0,0,1,0,0,0,0,0,0,0,0,0,0,0,0,0,0,0,0,1,0
8,1.24,101178.72,1,1,0,1,256,1,0,0,0,0,0,0,0,1,0,0,0,2073600,5,0,0,0,0,1,0,0,0,0,0,0,0,0,0,0,0,0,0,1,0,0,0,0
4,1.7,53386.56,0,1,0,1,508,0,0,1,0,0,0,0,0,0,0,1,0,1049088,5,0,0,0,0,0,0,0,0,0,0,1,0,0,0,0,0,0,0,0,0,1,0,0
8,1.11,71874.72,1,1,1,0,256,1,0,0,0,0,0,0,0,1,0,0,0,2073600,5,0,0,0,0,0,0,0,1,0,0,0,0,0,0,0,0,0,0,0,0,0,1,0
6,2.19,40705.92,0,1,1,0,1024,0,1,0,0,0,0,0,0,1,0,0,0,1049088,4,0,0,0,0,0,0,0,1,0,0,0,0,0,0,0,0,0,0,0,0,1,0,0
4,2.1,23816.16,0,1,0,1,500,0,1,0,0,0,0,0,0,1,0,0,0,1049088,5,0,0,0,0,0,0,0,0,0,0,0,0,0,0,0,1,0,0,0,0,1,0,0
8,1.29,77682.24,0,1,1,0,256,1,0,0,0,0,0,0,0,1,0,0,0,2073600,5,0,0,0,0,1,0,0,0,0,0,0,0,0,0,0,0,0,0,0,0,0,1,0
4,1.4,43601.69,0,1,0,1,256,1,0,0,0,0,0,0,0,1,0,0,0,2073600,4,0,0,0,0,1,0,0,0,0,0,0,0,0,0,0,0,0,0,0,0,0,1,0
4,2.0,18594.72,0,0,0,0,500,0,1,0,0,0,0,0,0,1,0,0,0,1049088,5,0,0,1,0,0,0,0,0,0,0,0,0,0,0,0,0,0,0,0,0,1,0,0
8,1.21,86793.12,0,1,0,1,256,1,0,0,0,0,0,0,0,1,0,0,0,2073600,5,0,0,0,0,1,0,0,0,0,0,0,0,0,0,0,0,0,0,0,0,0,1,0
8,2.56,46833.12,0,1,1,0,256,1,0,0,0,0,0,0,0,1,0,0,0,2073600,4,0,0,0,0,1,0,0,0,0,0,0,0,0,0,0,0,0,0,0,1,0,0,0
8,1.49,58075.2,0,1,1,0,256,1,0,0,0,0,0,0,0,1,0,0,0,2073600,5,0,0,0,0,0,0,0,1,0,0,0,0,0,0,0,0,0,0,0,0,1,0,0
8,2.31,62071.2,0,1,0,1,256,1,0,0,0,0,0,0,0,1,0,0,0,2073600,5,0,0,0,0,0,0,0,1,0,0,0,0,0,0,0,0,0,0,0,0,1,0,0
4,1.85,22105.87,0,1,0,1,1024,0,1,0,0,0,0,0,0,1,0,0,0,2073600,5,0,0,0,0,0,0,0,0,0,0,1,0,0,0,0,0,0,0,0,0,1,0,0
16,1.25,137941.92,1,1,1,0,512,1,0,0,0,0,0,0,0,0,1,0,0,3393024,5,0,0,0,0,0,0,0,0,0,0,0,0,0,1,0,0,0,0,0,0,0,1,0
8,2.23,106187.04,0,1,1,0,1088,0,1,0,1,0,0,0,0,1,0,0,0,2073600,1,0,0,0,0,1,0,0,0,0,0,0,0,0,0,0,0,0,0,0,0,0,0,1
8,1.4,26373.6,1,1,0,0,64,0,0,0,1,0,1,0,0,0,0,0,0,1049088,5,0,0,0,0,0,0,0,1,0,0,0,0,0,0,0,0,0,0,1,0,0,0,0
8,1.99,48304.71,0,1,1,0,1024,0,1,0,0,0,0,0,0,1,0,0,0,2073600,4,0,0,1,0,0,0,0,0,0,0,0,0,0,0,0,0,0,0,0,0,1,0,0
2,1.44,13266.72,0,1,0,0,32,0,0,0,1,0,0,0,0,1,0,0,0,1049088,5,0,0,0,0,0,0,0,1,0,0,0,0,0,0,0,0,0,0,0,0,1,0,0
4,2.18,29144.16,0,1,0,1,128,1,0,0,0,0,0,0,0,1,0,0,0,1049088,5,0,0,0,0,1,0,0,0,0,0,0,0,0,0,0,0,0,0,0,0,1,0,0
8,2.32,31409.63,0,1,0,1,1024,0,1,0,0,0,0,1,0,0,0,0,0,1049088,3,0,0,0,0,1,0,0,0,0,0,0,0,0,0,0,0,0,0,0,0,1,0,0
16,2.5,67718.88,0,1,1,0,512,1,0,0,0,0,0,0,0,1,0,0,0,2073600,5,0,0,0,0,0,0,0,1,0,0,0,0,0,0,0,0,0,0,0,0,1,0,0
4,1.91,23389.92,0,1,0,1,128,1,0,0,0,0,0,0,0,1,0,0,0,2073600,5,0,0,0,0,0,0,0,1,0,0,0,0,0,0,0,0,0,0,0,0,1,0,0
8,1.56,55890.72,1,1,1,0,256,1,0,0,0,0,0,0,0,1,0,0,0,2073600,5,0,0,0,0,1,0,0,0,0,0,0,0,0,0,0,0,0,0,1,0,0,0,0
8,1.4,53812.8,0,1,1,0,256,1,0,0,0,0,0,0,0,1,0,0,0,2073600,5,0,0,0,0,0,0,0,0,0,0,1,0,0,0,0,0,0,0,0,0,1,0,0
4,2.4,15397.92,0,1,0,0,500,0,1,0,0,0,0,1,0,0,0,0,0,1049088,5,1,0,0,0,0,0,0,0,0,0,0,0,0,0,0,0,0,0,0,0,1,0,0
8,1.74,47898.72,0,1,0,1,256,1,0,0,0,0,0,0,0,1,0,0,0,2073600,5,0,0,0,0,0,0,0,0,0,0,1,0,0,0,0,0,0,0,1,0,0,0,0
4,2.1,25467.84,0,1,0,1,1024,0,1,0,0,0,0,0,0,1,0,0,0,2073600,5,0,0,0,0,0,0,0,1,0,0,0,0,0,0,0,0,0,0,0,0,1,0,0
8,1.98,38681.28,0,1,0,1,1024,0,1,0,0,0,0,1,0,0,0,0,0,2073600,5,0,0,0,0,1,0,0,0,0,0,0,0,0,0,0,0,0,0,0,0,1,0,0
16,1.3,79866.72,1,1,1,0,512,1,0,0,0,0,0,0,0,1,0,0,0,5760000,5,0,0,0,0,0,0,0,0,0,0,1,0,0,0,0,0,0,0,1,0,0,0,0
8,2.08,43636.32,1,1,1,0,1024,0,1,0,0,0,0,0,0,1,0,0,0,2073600,5,0,0,0,0,1,0,0,0,0,0,0,0,0,0,0,0,0,0,1,0,0,0,0
16,1.3,79653.6,0,1,1,0,512,1,0,0,0,0,0,0,0,1,0,0,0,2073600,5,0,0,1,0,0,0,0,0,0,0,0,0,0,0,0,0,0,0,0,0,0,1,0
4,2.1,19367.81,0,1,0,0,1024,0,1,0,0,0,0,0,0,1,0,0,0,1049088,5,1,0,0,0,0,0,0,0,0,0,0,0,0,0,0,0,0,0,0,0,1,0,0
8,2.8,52161.12,0,1,0,1,1152,1,1,0,0,1,0,0,0,1,0,0,0,2073600,4,0,0,0,0,1,0,0,0,0,0,0,0,0,0,0,0,0,0,0,0,1,0,0
4,2.3,30103.2,0,1,0,1,128,1,0,0,0,0,0,0,0,1,0,0,0,1049088,5,0,0,0,0,0,0,0,0,0,0,1,0,0,0,0,0,0,0,0,0,1,0,0
8,2.18,42357.6,0,1,0,1,256,1,0,0,0,0,0,0,0,1,0,0,0,2073600,5,0,0,0,0,1,0,0,0,0,0,0,0,0,0,0,0,0,0,0,0,1,0,0
12,2.3,37992.37,0,1,1,0,1024,0,1,0,0,0,0,0,0,1,0,0,0,1049088,5,0,0,0,0,1,0,0,0,0,0,0,0,0,0,0,0,0,0,0,0,1,0,0
8,1.7,55938.67,0,1,1,0,256,1,0,0,0,0,0,0,0,1,0,0,0,2073600,5,0,0,1,0,0,0,0,0,0,0,0,0,0,0,0,0,0,0,0,0,0,1,0
16,2.3,95850.72,1,1,1,0,2560,1,1,0,0,1,0,0,0,1,0,0,0,8294400,4,0,0,1,0,0,0,0,0,0,0,0,0,0,0,0,0,0,0,1,0,0,0,0
8,2.0,101178.72,0,1,1,0,256,1,0,0,0,0,0,0,0,0,0,1,0,2073600,1,0,0,0,0,0,0,0,1,0,0,0,0,0,0,0,0,0,0,0,0,0,0,1
4,1.25,20725.92,1,1,0,0,32,0,0,0,1,0,1,0,0,0,0,0,0,1049088,5,1,0,0,0,0,0,0,0,0,0,0,0,0,0,0,0,0,0,1,0,0,0,0
8,1.84,74005.92,0,1,1,0,512,1,0,0,0,0,0,0,0,1,0,0,0,2073600,5,0,0,0,0,0,0,0,1,0,0,0,0,0,0,0,0,0,0,0,0,0,1,0
8,1.1,60472.8,0,1,0,1,256,1,0,0,0,0,0,0,0,1,0,0,0,2073600,5,0,0,1,0,0,0,0,0,0,0,0,0,0,0,0,0,0,0,0,0,0,1,0
4,2.2,19660.32,0,1,0,0,500,0,1,0,0,0,0,0,0,1,0,0,0,1049088,5,0,0,1,0,0,0,0,0,0,0,0,0,0,0,0,0,0,0,0,0,1,0,0
4,2.0,23176.8,0,1,0,1,1024,0,1,0,0,0,0,0,0,1,0,0,0,1049088,5,0,0,1,0,0,0,0,0,0,0,0,0,0,0,0,0,0,0,0,0,1,0,0
8,3.52,69929.47,0,1,1,0,1152,1,1,0,0,1,0,0,0,1,0,0,0,2073600,3,0,0,1,0,0,0,0,0,0,0,0,0,0,0,0,0,0,0,0,1,0,0,0
8,3.0,50669.28,0,1,1,0,256,1,0,0,0,0,0,0,0,1,0,0,0,2073600,5,1,0,0,0,0,0,0,0,0,0,0,0,0,0,0,0,0,0,0,0,1,0,0
4,2.2,28504.8,0,1,0,1,500,0,1,0,0,0,0,0,0,1,0,0,0,2073600,5,0,0,0,0,0,0,0,0,0,0,1,0,0,0,0,0,0,0,0,0,1,0,0
8,1.48,68837.76,0,1,1,0,256,1,0,0,0,0,0,0,0,1,0,0,0,2073600,5,0,0,0,0,0,0,0,1,0,0,0,0,0,0,0,0,0,0,0,0,1,0,0
4,2.31,50083.2,0,1,0,1,500,0,1,0,0,0,0,0,0,0,0,1,0,2073600,5,0,0,0,0,0,0,0,1,0,0,0,0,0,0,0,0,0,0,0,0,1,0,0
8,1.36,76137.12,0,1,0,1,256,1,0,0,0,0,0,0,0,1,0,0,0,2073600,5,0,0,0,0,0,0,0,0,0,0,1,0,0,0,0,0,0,0,0,0,0,1,0
8,1.1,70063.2,1,1,0,1,256,1,0,0,0,0,0,0,0,1,0,0,0,2073600,5,0,0,1,0,0,0,0,0,0,0,0,0,0,0,0,0,0,0,1,0,0,0,0
8,2.63,57542.4,0,1,0,1,256,1,0,0,0,0,0,0,0,1,0,0,0,2073600,5,0,0,0,0,0,0,0,1,0,0,0,0,0,0,0,0,0,0,0,0,1,0,0
8,1.44,50562.72,0,1,0,1,256,1,0,0,0,0,0,0,0,1,0,0,0,2073600,5,0,0,0,0,0,0,0,0,0,0,1,0,0,0,0,0,0,0,0,0,1,0,0
4,2.04,39533.76,0,1,0,1,500,0,1,0,0,0,0,0,0,1,0,0,0,1049088,5,0,0,0,0,0,0,0,1,0,0,0,0,0,0,0,0,0,0,0,0,1,0,0
4,2.3,52054.56,0,1,1,0,1024,0,1,0,0,0,0,0,0,1,0,0,0,2073600,4,0,0,0,0,0,0,0,0,0,0,1,0,0,0,0,0,0,0,0,0,1,0,0
16,2.1,101178.72,0,1,1,0,1152,1,1,0,0,1,0,0,0,1,0,0,0,2073600,3,0,0,1,0,0,0,0,0,0,0,0,0,0,0,0,0,0,0,0,1,0,0,0
8,1.42,137995.2,1,1,1,0,256,1,0,0,0,0,0,0,0,1,0,0,0,3686400,5,0,0,0,0,0,0,0,0,0,0,1,0,0,0,0,0,0,0,1,0,0,0,0
2,2.2,20193.12,0,1,0,0,500,0,1,0,0,0,0,0,0,1,0,0,0,1049088,5,0,0,0,0,1,0,0,0,0,0,0,0,0,0,0,0,0,0,0,0,1,0,0
8,2.2,61218.72,0,1,1,0,1152,1,1,0,0,1,0,0,0,1,0,0,0,2073600,4,0,0,0,0,0,0,0,0,0,0,0,1,0,0,0,0,0,0,0,1,0,0,0
16,2.5,90522.72,0,1,1,0,1152,1,1,0,0,1,0,0,0,1,0,0,0,2073600,4,0,0,0,0,0,0,0,0,0,0,0,0,0,0,0,0,0,0,0,0,1,0,0
8,3.14,101657.71,0,1,1,0,500,0,1,0,0,0,0,0,0,1,0,0,0,2073600,1,0,0,0,0,0,0,0,1,0,0,0,0,0,0,0,0,0,0,0,0,0,0,1
8,1.43,118761.12,0,1,1,0,256,1,0,0,0,0,0,0,0,1,0,0,0,2073600,5,0,0,0,0,0,0,0,1,0,0,0,0,0,0,0,0,0,0,0,0,1,0,0
4,1.26,81997.92,0,1,0,1,500,0,1,0,0,0,0,0,0,1,0,0,0,2073600,5,0,0,0,0,0,0,0,1,0,0,0,0,0,0,0,0,0,0,0,0,0,1,0
8,1.64,68184.01,0,1,0,1,256,1,0,0,0,0,0,0,0,1,0,0,0,2073600,5,0,0,0,0,1,0,0,0,0,0,0,0,0,0,0,0,0,0,0,0,1,0,0
8,1.17,90522.72,0,1,1,0,256,1,0,0,0,0,0,0,0,1,0,0,0,2073600,5,0,0,0,0,0,0,0,0,0,0,0,0,0,0,0,0,0,0,0,0,0,1,0
12,2.3,44701.92,1,1,1,0,2048,0,1,0,0,0,0,0,0,1,0,0,0,2073600,5,0,0,1,0,0,0,0,0,0,0,0,0,0,0,0,0,0,0,1,0,0,0,0
16,3.31,69530.4,0,1,1,0,512,1,0,0,0,0,0,0,0,1,0,0,0,2073600,3,0,0,0,0,0,0,0,0,0,0,1,0,0,0,0,0,0,0,0,1,0,0,0
4,1.48,57648.96,0,1,0,1,256,1,0,0,0,0,0,0,0,1,0,0,0,2073600,5,0,0,0,0,0,0,0,1,0,0,0,0,0,0,0,0,0,0,0,0,0,1,0
16,2.8,100699.2,0,1,1,0,1280,1,1,0,0,1,0,0,0,1,0,0,0,2073600,3,0,0,0,0,0,0,0,0,0,0,0,1,0,0,0,0,0,0,0,1,0,0,0
4,2.4,15397.92,0,1,0,0,500,0,1,0,0,0,0,1,0,0,0,0,0,1049088,5,1,0,0,0,0,0,0,0,0,0,0,0,0,0,0,0,0,0,0,0,1,0,0
8,1.43,78268.32,0,1,0,1,256,1,0,0,0,0,0,0,0,0,0,1,0,2073600,5,0,0,0,0,0,0,0,1,0,0,0,0,0,0,0,0,0,0,0,0,1,0,0
16,3.25,117162.72,0,0,0,0,1280,1,1,0,0,1,0,0,0,1,0,0,0,2073600,4,0,0,1,0,0,0,0,0,0,0,0,0,0,0,0,0,0,0,0,1,0,0,0
4,1.15,14332.32,0,1,0,0,16,0,0,0,1,0,1,0,0,0,0,0,0,1049088,5,0,0,0,0,0,0,0,0,0,0,0,0,0,0,0,0,0,0,0,0,0,0,0
4,1.49,42624.0,0,1,0,1,500,0,1,0,0,0,0,0,0,1,0,0,0,1049088,5,0,0,0,0,0,0,0,1,0,0,0,0,0,0,0,0,0,0,0,0,1,0,0
8,2.09,56633.98,0,1,0,1,256,1,0,0,0,0,0,0,0,0,0,1,0,2073600,5,0,0,0,0,1,0,0,0,0,0,0,0,0,0,0,0,0,0,0,0,1,0,0
8,2.6,47898.72,0,1,1,0,1024,0,1,0,0,0,0,0,0,1,0,0,0,2073600,3,0,0,0,0,0,0,0,0,0,0,1,0,0,0,0,0,0,0,0,0,1,0,0
4,1.5,15877.44,0,1,0,0,32,0,0,0,1,0,0,0,0,1,0,0,0,2073600,5,0,0,1,0,0,0,0,0,0,0,0,0,0,0,0,0,0,0,0,0,1,0,0
8,2.17,47893.39,0,1,1,0,256,1,0,0,0,0,0,0,0,1,0,0,0,2073600,5,0,0,0,0,0,0,0,0,0,0,1,0,0,0,0,0,0,0,0,0,1,0,0
8,1.49,51095.52,0,1,0,1,512,1,0,0,0,0,0,0,0,1,0,0,0,2073600,5,0,0,0,0,0,0,0,1,0,0,0,0,0,0,0,0,0,0,0,0,1,0,0
8,1.56,65481.12,0,1,0,1,256,1,0,0,0,0,0,0,0,1,0,0,0,2073600,5,0,0,0,0,1,0,0,0,0,0,0,0,0,0,0,0,0,0,0,0,1,0,0
16,2.56,66560.57,0,1,1,0,512,1,0,0,0,0,0,0,0,1,0,0,0,2073600,4,0,0,0,0,1,0,0,0,0,0,0,0,0,0,0,0,0,0,0,1,0,0,0
8,1.13,133146.72,0,1,1,0,512,1,0,0,0,0,0,0,0,1,0,0,0,2073600,5,0,0,0,0,0,0,0,0,0,0,1,0,0,0,0,0,0,0,0,0,0,1,0
4,2.06,25679.89,0,1,0,1,500,0,1,0,0,0,0,0,0,1,0,0,0,1049088,5,0,0,0,0,1,0,0,0,0,0,0,0,0,0,0,0,0,0,0,0,1,0,0
16,2.9,74964.96,0,1,1,0,1280,1,1,0,0,1,0,0,0,1,0,0,0,2073600,4,0,0,1,0,0,0,0,0,0,0,0,0,0,0,0,0,0,0,0,1,0,0,0
12,2.4,53759.52,0,1,0,1,1152,1,1,0,0,1,0,0,0,1,0,0,0,2073600,4,1,0,0,0,0,0,0,0,0,0,0,0,0,0,0,0,0,0,0,0,1,0,0
16,2.9,113060.16,0,1,1,0,1280,1,1,0,0,1,0,0,0,1,0,0,0,2073600,2,0,0,1,0,0,0,0,0,0,0,0,0,0,0,0,0,0,0,0,1,0,0,0
16,1.29,130482.72,1,1,1,0,1024,1,0,0,0,0,0,0,0,1,0,0,0,8294400,5,0,0,0,0,0,0,0,1,0,0,0,0,0,0,0,0,0,0,1,0,0,0,0
8,2.591,48431.52,0,1,1,0,1280,1,1,0,0,1,0,0,0,1,0,0,0,2073600,3,0,0,1,0,0,0,0,0,0,0,0,0,0,0,0,0,0,0,0,1,0,0,0
12,3.35,106506.72,0,1,1,0,1280,1,1,0,0,1,0,0,0,1,0,0,0,2073600,2,0,0,0,0,0,0,0,1,0,0,0,0,0,0,0,0,0,0,0,1,0,0,0
4,1.65,14811.31,0,0,0,0,64,1,0,0,0,0,0,0,0,0,1,0,0,1049088,5,0,0,1,0,0,0,0,0,0,0,0,0,0,0,0,0,0,0,0,0,1,0,0
8,2.8,31381.92,0,1,0,1,1024,0,1,0,0,0,0,0,0,0,0,0,0,1440000,5,0,0,0,0,0,0,0,0,0,0,1,0,0,0,0,0,0,0,0,0,1,0,0
8,2.6,42037.92,0,1,1,0,1152,1,1,0,0,1,0,0,0,1,0,0,0,2073600,3,0,0,0,0,0,0,0,0,0,0,1,0,0,0,0,0,0,0,0,0,1,0,0
8,2.5,54239.04,0,1,1,0,1024,0,1,0,0,0,0,0,0,1,0,0,0,2073600,5,0,0,0,0,0,0,0,1,0,0,0,0,0,0,0,0,0,0,0,0,1,0,0
6,2.2,31838.53,0,0,0,1,256,1,0,0,0,0,0,0,0,1,0,0,0,2073600,4,0,0,0,0,0,0,0,0,0,0,1,0,0,0,0,0,0,0,0,0,1,0,0
8,1.7,103523.04,0,1,1,0,512,1,0,0,0,0,0,0,0,1,0,0,0,3686400,5,0,0,0,0,0,0,0,0,0,0,1,0,0,0,0,0,0,0,0,0,0,1,0
4,2.2,16463.52,0,1,0,0,1024,0,1,0,0,0,0,0,0,1,0,0,0,1049088,5,0,0,0,0,0,0,0,0,0,0,1,0,0,0,0,0,0,0,0,0,1,0,0
8,1.6,36709.92,1,1,0,1,256,1,0,0,0,0,0,0,0,1,0,0,0,2073600,5,1,0,0,0,0,0,0,0,0,0,0,0,0,0,0,0,0,0,1,0,0,0,0
8,1.5,51841.44,0,1,0,1,256,1,0,0,0,0,0,0,0,1,0,0,0,2073600,5,0,0,0,0,0,0,0,0,0,0,0,0,0,0,0,1,0,0,0,0,1,0,0
8,1.34,47895.52,0,1,0,1,128,0,0,0,1,0,0,0,0,0,0,0,1,1296000,5,0,1,0,0,0,0,0,0,0,0,0,0,0,0,0,0,0,0,0,0,0,1,0
8,1.63,57755.52,0,1,1,0,512,1,0,0,0,0,0,0,0,1,0,0,0,2073600,5,0,0,0,0,0,0,0,1,0,0,0,0,0,0,0,0,0,0,0,0,1,0,0
16,1.18,99047.52,0,1,1,0,256,1,0,0,0,0,0,0,0,1,0,0,0,2073600,5,0,0,0,0,1,0,0,0,0,0,0,0,0,0,0,0,0,0,0,0,0,1,0
8,1.26,71874.72,0,1,1,0,256,1,0,0,0,0,0,0,0,1,0,0,0,2073600,5,0,0,0,0,0,0,0,1,0,0,0,0,0,0,0,0,0,0,0,0,0,1,0
4,2.0,40972.32,0,1,0,1,256,1,0,0,0,0,0,0,0,1,0,0,0,2073600,5,0,0,1,0,0,0,0,0,0,0,0,0,0,0,0,0,0,0,0,0,1,0,0
8,1.9,61485.12,0,1,0,1,500,0,1,0,0,0,0,0,0,1,0,0,0,2073600,1,0,0,0,0,0,0,0,1,0,0,0,0,0,0,0,0,0,0,0,0,1,0,0
4,2.19,15877.44,0,0,0,0,500,0,1,0,0,0,0,0,0,1,0,0,0,1049088,5,0,0,0,0,0,0,0,0,0,0,1,0,0,0,0,0,0,0,0,0,1,0,0
8,0.92,61964.64,0,1,0,0,256,0,0,0,1,0,0,0,1,0,0,0,0,3317760,5,0,1,0,0,0,0,0,0,0,0,0,0,0,0,0,0,0,0,0,0,0,1,0
8,2.1,38148.48,0,1,0,1,1024,0,1,0,0,0,0,0,0,1,0,0,0,2073600,5,0,0,0,0,0,0,0,1,0,0,0,0,0,0,0,0,0,0,0,0,1,0,0
8,2.2,22857.12,0,0,0,1,1024,0,1,0,0,0,0,0,0,1,0,0,0,1049088,3,0,0,0,0,0,0,0,0,0,0,1,0,0,0,0,0,0,0,0,0,1,0,0
8,2.62,58554.72,0,1,1,0,1024,0,1,0,0,0,0,0,0,1,0,0,0,2073600,4,0,0,0,0,1,0,0,0,0,0,0,0,0,0,0,0,0,0,0,1,0,0,0
12,1.6,69210.72,1,1,1,0,256,1,0,0,0,0,0,0,0,1,0,0,0,2073600,5,0,0,0,0,1,0,0,0,0,0,0,0,0,0,0,0,0,0,1,0,0,0,0
8,2.2,53168.11,0,1,1,0,256,1,0,0,0,0,0,0,0,1,0,0,0,2073600,4,0,0,0,0,0,0,0,0,0,0,0,1,0,0,0,0,0,0,0,1,0,0,0
16,3.49,149916.6,0,1,1,0,1280,1,1,0,0,1,0,0,0,1,0,0,0,2073600,2,0,0,0,0,1,0,0,0,0,0,0,0,0,0,0,0,0,0,0,1,0,0,0
4,2.2,19660.32,0,1,0,0,500,0,1,0,0,0,0,0,0,1,0,0,0,1049088,5,0,0,1,0,0,0,0,0,0,0,0,0,0,0,0,0,0,0,0,0,1,0,0
8,1.91,30849.12,0,1,0,1,256,1,0,0,0,0,0,0,0,1,0,0,0,1049088,5,0,0,0,0,0,0,0,1,0,0,0,0,0,0,0,0,0,0,0,0,1,0,0
8,1.56,48058.56,0,1,0,1,256,1,0,0,0,0,0,0,0,1,0,0,0,2073600,5,1,0,0,0,0,0,0,0,0,0,0,0,0,0,0,0,0,0,0,0,1,0,0
16,1.36,100006.56,1,1,1,0,512,1,0,0,0,0,0,0,0,1,0,0,0,2073600,5,0,0,0,0,0,0,0,0,0,0,0,0,0,0,0,1,0,0,0,0,0,1,0
8,1.5,75289.97,0,1,0,1,256,1,0,0,0,0,0,0,0,0,0,1,0,1049088,5,0,0,0,0,1,0,0,0,0,0,0,0,0,0,0,0,0,0,0,0,0,1,0
8,2.06,93932.64,1,1,1,0,256,1,0,0,0,0,0,0,0,1,0,0,0,2073600,1,0,0,0,0,1,0,0,0,0,0,0,0,0,0,0,0,0,0,0,0,0,0,1
16,1.8,111593.89,0,1,1,0,1280,1,1,0,0,1,0,0,0,1,0,0,0,2073600,3,0,0,0,0,0,0,0,0,0,0,0,1,0,0,0,0,0,0,0,1,0,0,0
8,2.2,42570.72,0,1,0,1,256,1,0,0,0,0,0,0,0,1,0,0,0,1049088,5,0,0,0,0,0,1,0,0,0,0,0,0,0,0,0,0,0,0,0,0,1,0,0
4,1.25,18594.72,1,1,0,0,32,0,0,0,1,0,0,0,0,1,0,0,0,2073600,5,1,0,0,0,0,0,0,0,0,0,0,0,0,0,0,0,0,0,1,0,0,0,0
12,1.4,122490.72,0,1,1,0,512,1,0,0,0,0,0,0,0,0,0,1,0,2073600,5,0,0,0,0,0,0,0,0,0,0,1,0,0,0,0,0,0,0,0,0,0,1,0
4,1.45,20725.92,0,1,0,0,32,1,0,0,0,0,0,0,0,1,0,0,0,2073600,5,0,0,0,0,0,0,0,0,0,0,0,0,1,0,0,0,0,0,0,0,1,0,0
4,1.76,40226.4,0,1,0,1,500,0,1,0,0,0,0,0,0,1,0,0,0,1049088,5,0,0,0,0,1,0,0,0,0,0,0,0,0,0,0,0,0,0,0,0,1,0,0
16,2.2,130482.72,0,1,1,0,1280,1,1,0,0,1,0,0,0,1,0,0,0,2073600,2,0,0,1,0,0,0,0,0,0,0,0,0,0,0,0,0,0,0,0,1,0,0,0
8,2.04,47365.92,0,1,0,1,256,1,0,0,0,0,0,0,0,1,0,0,0,2073600,5,0,0,0,0,0,0,0,1,0,0,0,0,0,0,0,0,0,0,0,0,1,0,0
6,2.0,30742.56,0,1,0,1,256,1,0,0,0,0,0,0,0,1,0,0,0,2073600,5,0,0,1,0,0,0,0,0,0,0,0,0,0,0,0,0,0,0,0,0,1,0,0
8,1.16,104908.32,0,1,1,0,512,1,0,0,0,0,0,0,0,1,0,0,0,2073600,5,0,0,0,0,0,0,0,1,0,0,0,0,0,0,0,0,0,0,0,0,0,1,0
6,2.4,30049.92,0,1,0,1,1024,0,1,0,0,0,0,0,0,1,0,0,0,2073600,5,0,0,0,0,0,0,0,0,0,0,1,0,0,0,0,0,0,0,0,0,1,0,0
16,2.9,128671.2,0,1,1,0,1536,1,1,0,0,1,0,0,0,1,0,0,0,2073600,2,0,0,0,0,0,0,0,0,0,0,0,1,0,0,0,0,0,0,0,1,0,0,0
4,2.8,28238.4,0,1,0,0,1024,0,1,0,0,0,0,0,0,1,0,0,0,1440000,5,0,0,1,0,0,0,0,0,0,0,0,0,0,0,0,0,0,0,0,0,1,0,0
8,1.5,104587.57,1,1,1,0,256,1,0,0,0,0,0,0,0,1,0,0,0,3686400,5,0,0,0,0,1,0,0,0,0,0,0,0,0,0,0,0,0,0,0,0,0,1,0
4,2.23,32820.48,0,1,0,1,1024,0,1,0,0,0,0,0,0,1,0,0,0,2073600,5,1,0,0,0,0,0,0,0,0,0,0,0,0,0,0,0,0,0,0,0,1,0,0
8,2.2,36089.21,0,1,0,1,256,1,0,0,0,0,0,1,0,0,0,0,0,2073600,4,0,0,0,0,1,0,0,0,0,0,0,0,0,0,0,0,0,0,0,0,1,0,0
8,1.75,64755.45,0,1,1,0,256,1,0,0,0,0,0,0,0,1,0,0,0,2073600,4,0,0,0,0,0,0,0,0,0,0,1,0,0,0,0,0,0,0,0,0,0,1,0
8,1.37,103896.0,1,1,1,0,256,1,0,0,0,0,0,0,0,1,0,0,0,2073600,5,0,0,0,0,0,0,0,0,0,0,1,0,0,0,0,0,0,0,1,0,0,0,0
4,2.36,35111.52,0,1,0,1,1024,0,1,0,0,0,0,0,0,1,0,0,0,1440000,3,0,0,0,0,1,0,0,0,0,0,0,0,0,0,0,0,0,0,0,0,1,0,0
8,2.62,61751.52,0,1,1,0,1152,1,1,0,0,1,0,0,0,1,0,0,0,2073600,4,0,0,0,0,1,0,0,0,0,0,0,0,0,0,0,0,0,0,0,1,0,0,0
4,1.5,17316.0,0,1,0,0,16,0,0,0,1,0,1,0,0,0,0,0,0,1049088,5,0,0,0,0,0,0,0,0,0,0,1,0,0,0,0,0,0,0,0,0,1,0,0
4,2.1,14492.16,0,1,0,0,1024,0,1,0,0,0,0,1,0,0,0,0,0,1049088,5,1,0,0,0,0,0,0,0,0,0,0,0,0,0,0,0,0,0,0,0,1,0,0
4,2.09,27899.01,0,1,0,1,500,0,1,0,0,0,0,1,0,0,0,0,0,1049088,5,0,0,0,0,1,0,0,0,0,0,0,0,0,0,0,0,0,0,0,0,1,0,0
4,1.4,14332.32,0,1,0,0,32,0,0,0,1,0,0,0,0,1,0,0,0,1049088,5,1,0,0,0,0,0,0,0,0,0,0,0,0,0,0,0,0,0,0,0,0,0,0
8,2.7,79215.11,0,1,1,0,1152,1,1,0,0,1,0,0,0,1,0,0,0,2073600,3,0,0,0,0,0,0,0,0,0,0,0,1,0,0,0,0,0,0,0,1,0,0,0
4,1.54,53280.0,0,1,0,1,500,0,1,0,0,0,0,0,0,1,0,0,0,2073600,5,0,0,0,0,0,0,0,1,0,0,0,0,0,0,0,0,0,0,0,0,1,0,0
8,2.08,51095.52,1,1,0,1,256,1,0,0,0,0,0,0,0,1,0,0,0,2073600,3,0,0,0,0,0,0,0,0,0,0,1,0,0,0,0,0,0,0,1,0,0,0,0
8,2.0,64308.96,0,1,1,0,1152,1,1,0,0,1,0,0,0,1,0,0,0,2073600,5,0,0,0,0,1,0,0,0,0,0,0,0,0,0,0,0,0,0,0,0,1,0,0
4,2.1,18594.72,0,0,0,0,500,0,1,0,0,0,0,0,0,1,0,0,0,2073600,5,0,0,0,0,0,0,0,1,0,0,0,0,0,0,0,0,0,0,0,0,1,0,0
8,1.28,49816.8,0,1,0,1,256,1,0,0,0,0,0,0,0,1,0,0,0,2073600,5,0,0,0,0,0,0,0,0,0,0,0,0,0,0,0,0,0,1,0,0,0,1,0
16,2.5,130482.72,0,1,1,0,512,1,0,0,0,0,0,0,0,1,0,0,0,2073600,1,0,0,0,0,0,0,0,0,0,0,1,0,0,0,0,0,0,0,0,0,1,0,0
4,1.86,21258.19,0,1,0,0,256,1,0,0,0,0,0,0,0,1,0,0,0,2073600,5,0,0,0,0,0,0,0,1,0,0,0,0,0,0,0,0,0,0,0,0,1,0,0
8,2.2,44701.92,0,1,1,0,1024,0,1,0,0,0,0,0,0,1,0,0,0,2073600,4,0,0,0,0,0,0,0,0,0,0,0,1,0,0,0,0,0,0,0,1,0,0,0
8,2.04,119916.23,1,1,1,0,256,1,0,0,0,0,0,0,0,1,0,0,0,8294400,5,0,0,0,0,1,0,0,0,0,0,0,0,0,0,0,0,0,0,0,0,1,0,0
4,1.48,84715.2,0,1,0,1,256,1,0,0,0,0,0,0,0,1,0,0,0,2073600,5,0,0,0,0,0,0,0,1,0,0,0,0,0,0,0,0,0,0,0,0,1,0,0
8,2.83,46087.2,0,1,1,0,1024,0,1,0,0,0,0,1,0,0,0,0,0,2073600,3,0,0,0,0,1,0,0,0,0,0,0,0,0,0,0,0,0,0,0,0,1,0,0
8,1.05,79866.72,0,1,1,0,512,1,0,0,0,0,0,0,0,1,0,0,0,3110400,5,0,0,0,0,0,0,0,0,1,0,0,0,0,0,0,0,0,0,0,0,0,1,0
4,3.0,34898.4,0,1,0,1,1024,0,1,0,0,0,0,0,0,1,0,0,0,2073600,5,1,0,0,0,0,0,0,0,0,0,0,0,0,0,0,0,0,0,0,0,1,0,0
8,1.27,124621.92,1,1,1,0,256,1,0,0,0,0,0,0,0,1,0,0,0,3686400,5,0,0,0,0,0,0,0,0,0,0,1,0,0,0,0,0,0,0,1,0,0,0,0
16,2.65,79866.72,0,1,1,0,1280,1,1,0,0,1,0,0,0,1,0,0,0,2073600,3,0,0,0,0,1,0,0,0,0,0,0,0,0,0,0,0,0,0,0,1,0,0,0
8,1.16,90522.72,1,1,0,0,256,1,0,0,0,0,0,0,0,1,0,0,0,5760000,5,0,0,0,0,0,0,0,1,0,0,0,0,0,0,0,0,0,0,0,0,1,0,0
4,1.49,35964.0,0,1,0,1,500,0,1,0,0,0,0,0,0,1,0,0,0,2073600,5,0,0,0,0,0,0,0,1,0,0,0,0,0,0,0,0,0,0,0,0,1,0,0
8,1.1,99793.44,0,1,1,0,512,1,0,0,0,0,0,0,0,1,0,0,0,2073600,5,0,0,1,0,0,0,0,0,0,0,0,0,0,0,0,0,0,0,0,0,0,1,0
16,1.21,133146.72,1,1,1,0,1024,1,0,0,0,0,0,0,0,1,0,0,0,8294400,5,0,0,0,0,1,0,0,0,0,0,0,0,0,0,0,0,0,0,0,0,0,1,0
4,2.4,23539.1,0,1,0,1,500,0,1,0,0,0,0,1,0,0,0,0,0,1049088,5,1,0,0,0,0,0,0,0,0,0,0,0,0,0,0,0,0,0,0,0,1,0,0
8,2.14,28768.54,0,1,0,1,1024,0,1,0,0,0,0,0,0,1,0,0,0,1049088,5,0,0,0,0,1,0,0,0,0,0,0,0,0,0,0,0,0,0,0,0,1,0,0
8,2.6,27753.55,0,0,0,0,1024,0,1,0,0,0,0,0,0,1,0,0,0,1440000,4,0,0,0,0,0,0,0,1,0,0,0,0,0,0,0,0,0,0,0,0,1,0,0
6,2.18,42570.72,0,1,1,0,1024,0,1,0,0,0,0,0,0,1,0,0,0,2073600,3,0,0,0,0,0,0,0,1,0,0,0,0,0,0,0,0,0,0,0,0,1,0,0
4,2.2,21258.72,0,0,0,0,256,1,0,0,0,0,0,0,0,1,0,0,0,2073600,4,0,0,0,0,0,0,0,0,0,0,1,0,0,0,0,0,0,0,0,0,1,0,0
4,1.35,13586.4,0,1,0,0,32,0,0,0,1,0,0,0,0,1,0,0,0,2073600,5,0,0,0,0,0,0,0,0,0,0,0,0,1,0,0,0,0,0,0,0,1,0,0
4,1.44,12201.12,0,1,0,0,32,1,0,0,0,0,0,0,0,1,0,0,0,1049088,5,0,0,0,0,0,0,0,1,0,0,0,0,0,0,0,0,0,0,0,0,1,0,0
8,0.92,67260.67,0,1,0,0,256,1,0,0,0,0,0,0,0,0,0,0,1,3317760,5,0,1,0,0,0,0,0,0,0,0,0,0,0,0,0,0,0,0,0,0,0,1,0
8,2.62,47898.72,0,1,1,0,1024,0,1,0,0,0,0,0,0,1,0,0,0,2073600,4,0,0,0,0,0,0,0,1,0,0,0,0,0,0,0,0,0,0,0,1,0,0,0
4,2.2,42570.72,0,1,1,0,1024,0,1,0,0,0,0,0,0,1,0,0,0,2073600,5,0,0,0,0,0,0,0,0,0,0,1,0,0,0,0,0,0,0,0,0,1,0,0
16,1.2,93080.16,0,1,1,0,512,1,0,0,0,0,0,0,0,1,0,0,0,2073600,5,0,0,0,0,0,0,0,0,0,0,0,0,0,0,0,1,0,0,0,0,0,1,0
16,3.35,73473.12,0,1,1,0,1280,1,1,0,0,1,0,0,0,1,0,0,0,2073600,4,0,0,0,0,0,0,0,1,0,0,0,0,0,0,0,0,0,0,0,1,0,0,0
16,3.21,147832.29,0,1,1,0,1280,1,1,0,0,1,0,0,0,1,0,0,0,2073600,2,0,0,0,0,1,0,0,0,0,0,0,0,0,0,0,0,0,0,0,1,0,0,0
4,2.1,17582.4,0,0,0,0,500,0,1,0,0,0,0,0,0,1,0,0,0,1049088,5,0,0,0,0,0,0,0,1,0,0,0,0,0,0,0,0,0,0,0,0,1,0,0
16,1.29,119347.2,1,1,1,0,512,1,0,0,0,0,0,0,0,1,0,0,0,5760000,5,0,0,0,0,1,0,0,0,0,0,0,0,0,0,0,0,0,0,0,0,0,1,0
8,2.2,37775.52,0,1,1,0,1024,0,1,0,0,0,0,0,0,0,0,0,0,2073600,5,0,0,0,0,0,0,0,0,0,0,1,0,0,0,0,0,0,0,0,0,1,0,0
4,1.45,41292.0,1,1,0,0,256,1,0,0,0,0,0,0,0,1,0,0,0,1049088,5,0,0,0,0,0,0,0,1,0,0,0,0,0,0,0,0,0,0,1,0,0,0,0
8,2.2,26586.72,0,1,0,1,256,1,0,0,0,0,0,0,0,0,0,0,0,1049088,5,0,0,0,0,0,0,0,0,0,0,1,0,0,0,0,0,0,0,0,0,1,0,0
8,2.2,58021.92,0,1,1,0,1152,1,1,0,0,1,0,0,0,1,0,0,0,2073600,4,0,0,0,0,0,0,0,0,0,0,0,1,0,0,0,0,0,0,0,1,0,0,0
8,1.95,52214.4,0,1,0,1,256,1,0,0,0,0,0,0,0,1,0,0,0,2073600,5,0,0,0,0,0,0,0,1,0,0,0,0,0,0,0,0,0,0,0,0,1,0,0
16,2.59,71341.92,0,1,1,0,1152,1,1,0,0,1,0,0,0,1,0,0,0,2073600,3,0,0,1,0,0,0,0,0,0,0,0,0,0,0,0,0,0,0,0,1,0,0,0
16,2.06,101178.72,0,1,1,0,512,1,0,0,0,0,0,0,0,1,0,0,0,2073600,4,0,0,0,0,1,0,0,0,0,0,0,0,0,0,0,0,0,0,0,0,1,0,0
4,1.25,15824.16,0,1,0,0,32,0,0,0,1,0,1,0,0,0,0,0,0,1049088,5,1,0,0,0,0,0,0,0,0,0,0,0,0,0,0,0,0,0,0,0,0,0,0
8,3.0,63243.36,0,1,1,0,1024,0,1,0,0,0,0,0,0,1,0,0,0,2073600,4,0,0,1,0,0,0,0,0,0,0,0,0,0,0,0,0,0,0,0,1,0,0,0
8,1.7,63882.72,0,1,0,1,180,1,0,0,0,0,0,0,0,0,0,1,0,2073600,5,0,0,0,0,0,0,0,0,0,0,1,0,0,0,0,0,0,0,0,0,1,0,0
8,1.4,49650.57,0,1,1,0,256,1,0,0,0,0,0,0,0,1,0,0,0,2073600,4,0,0,0,0,1,0,0,0,0,0,0,0,0,0,0,0,0,0,0,0,0,1,0
8,3.0,45501.12,0,1,0,1,256,1,0,0,0,0,0,0,0,1,0,0,0,2073600,5,1,0,0,0,0,0,0,0,0,0,0,0,0,0,0,0,0,0,0,0,1,0,0
8,1.95,43156.8,0,1,0,1,128,1,0,0,0,0,0,0,0,1,0,0,0,1049088,5,0,0,0,0,1,0,0,0,0,0,0,0,0,0,0,0,0,0,0,0,1,0,0
4,1.16,15930.72,1,1,0,0,32,1,0,0,0,0,0,0,0,1,0,0,0,2073600,5,0,0,0,0,0,0,0,0,0,0,0,0,1,0,0,0,0,0,1,0,0,0,0
4,1.6,34898.4,0,1,0,1,128,1,0,0,0,0,0,0,0,1,0,0,0,1049088,5,1,0,0,0,0,0,0,0,0,0,0,0,0,0,0,0,0,0,0,0,1,0,0
16,1.3,87912.0,1,1,1,0,512,1,0,0,0,0,0,0,0,1,0,0,0,2073600,5,0,0,0,0,0,0,0,0,0,0,1,0,0,0,0,0,0,0,0,0,0,0,0
4,1.6,18594.72,0,1,0,0,128,0,0,0,1,0,0,0,0,1,0,0,0,1049088,5,1,0,0,0,0,0,0,0,0,0,0,0,0,0,0,0,0,0,0,0,1,0,0
8,1.23,73473.12,0,1,1,0,256,1,0,0,0,0,0,0,0,1,0,0,0,2073600,5,0,0,0,0,1,0,0,0,0,0,0,0,0,0,0,0,0,0,0,0,0,1,0
4,1.35,10442.88,0,1,0,0,32,0,0,0,1,0,0,0,0,1,0,0,0,2073600,5,0,0,0,0,0,0,0,0,0,0,0,0,0,0,0,0,1,0,0,0,1,0,0
8,2.36,47365.92,0,1,0,1,256,1,0,0,0,0,0,0,0,1,0,0,0,2073600,3,0,0,0,0,1,0,0,0,0,0,0,0,0,0,0,0,0,0,0,0,1,0,0
16,1.62,68145.12,1,1,1,0,512,1,0,0,0,0,0,0,0,1,0,0,0,2073600,5,0,0,0,0,1,0,0,0,0,0,0,0,0,0,0,0,0,0,1,0,0,0,0
4,1.44,13266.72,0,1,0,0,64,0,0,0,1,0,0,0,0,1,0,0,0,1049088,5,0,0,0,0,0,0,0,0,0,0,1,0,0,0,0,0,0,0,0,0,1,0,0
8,1.28,121318.56,1,1,0,1,256,1,0,0,0,0,0,0,0,1,0,0,0,2073600,5,0,0,0,0,0,0,0,1,0,0,0,0,0,0,0,0,0,0,1,0,0,0,0
8,2.4,42517.44,0,1,1,0,1024,0,1,0,0,0,0,1,0,0,0,0,0,2073600,4,1,0,0,0,0,0,0,0,0,0,0,0,0,0,0,0,0,0,0,1,0,0,0
2,1.5,12201.12,0,1,0,0,64,0,0,0,1,0,0,0,0,1,0,0,0,1049088,5,0,0,0,0,0,0,0,0,0,0,1,0,0,0,0,0,0,0,0,0,1,0,0
8,1.25,55890.72,0,1,1,0,256,1,0,0,0,0,0,0,0,1,0,0,0,2073600,5,0,0,1,0,0,0,0,0,0,0,0,0,0,0,0,0,0,0,0,0,0,1,0
16,2.99,93186.72,0,1,1,0,1280,1,1,0,0,1,0,0,0,1,0,0,0,2073600,4,0,0,1,0,0,0,0,0,0,0,0,0,0,0,0,0,0,0,0,1,0,0,0
8,2.0,69210.72,1,1,1,0,256,1,0,0,0,0,0,0,0,1,0,0,0,2073600,5,0,0,0,0,0,0,0,0,0,0,1,0,0,0,0,0,0,0,1,0,0,0,0
8,1.54,78215.04,0,1,1,0,512,1,0,0,0,0,0,0,0,1,0,0,0,2073600,5,0,0,0,0,0,0,0,1,0,0,0,0,0,0,0,0,0,0,0,0,0,1,0
4,2.2,23656.32,0,1,0,1,256,1,0,0,0,0,0,0,0,0,0,0,0,2073600,5,0,0,0,0,0,0,0,0,0,0,1,0,0,0,0,0,0,0,0,0,1,0,0
4,2.2,26581.39,0,1,0,1,256,1,0,0,0,0,0,0,0,1,0,0,0,2073600,4,0,0,0,0,1,0,0,0,0,0,0,0,0,0,0,0,0,0,0,0,1,0,0
4,2.2,14646.67,0,1,0,0,500,0,1,0,0,0,0,1,0,0,0,0,0,1049088,5,0,0,0,0,1,0,0,0,0,0,0,0,0,0,0,0,0,0,0,0,1,0,0
8,1.36,84395.52,0,1,1,0,256,1,0,0,0,0,0,0,0,1,0,0,0,2073600,5,0,0,0,0,0,0,0,0,0,0,1,0,0,0,0,0,0,0,0,0,0,1,0
8,1.27,49443.84,1,1,0,1,256,1,0,0,0,0,0,0,0,1,0,0,0,2073600,5,0,0,1,0,0,0,0,0,0,0,0,0,0,0,0,0,0,0,1,0,0,0,0
8,2.5,49177.44,0,1,0,1,256,1,0,0,0,0,0,0,0,1,0,0,0,2073600,5,0,0,0,0,0,0,0,1,0,0,0,0,0,0,0,0,0,0,0,0,1,0,0
4,2.4,26586.72,0,1,0,1,1024,0,1,0,0,0,0,0,0,1,0,0,0,2073600,5,1,0,0,0,0,0,0,0,0,0,0,0,0,0,0,0,0,0,0,0,1,0,0
8,2.5,53226.72,0,1,1,0,1152,1,1,0,0,1,0,0,0,1,0,0,0,2073600,4,0,0,0,0,0,0,0,0,0,0,1,0,0,0,0,0,0,0,0,1,0,0,0
8,2.56,43636.32,0,1,1,0,1024,0,1,0,0,0,0,0,0,1,0,0,0,2073600,4,0,0,0,0,1,0,0,0,0,0,0,0,0,0,0,0,0,0,0,1,0,0,0
8,2.32,47685.6,0,1,1,0,1024,0,0,1,0,0,0,0,0,0,0,1,0,2073600,4,0,0,0,0,0,0,0,0,0,0,1,0,0,0,0,0,0,0,0,0,1,0,0
8,1.95,104588.11,0,1,0,1,512,1,0,0,0,0,0,0,0,1,0,0,0,2073600,5,0,0,0,0,0,0,0,0,0,0,1,0,0,0,0,0,0,0,0,0,1,0,0
8,2.2,74538.72,0,1,1,0,256,1,0,0,0,0,0,0,0,1,0,0,0,2073600,5,0,0,0,0,0,0,0,0,0,0,0,0,0,0,0,1,0,0,0,0,1,0,0
6,2.19,40705.92,0,1,1,0,1024,0,1,0,0,0,0,0,0,1,0,0,0,1049088,4,0,0,0,0,0,0,0,1,0,0,0,0,0,0,0,0,0,0,0,0,1,0,0
8,1.7,53226.72,1,1,0,1,256,1,0,0,0,0,0,0,0,1,0,0,0,2073600,5,0,0,0,0,0,0,0,0,0,0,1,0,0,0,0,0,0,0,1,0,0,0,0
2,1.45,11231.42,0,1,0,0,32,0,0,0,1,0,0,0,0,1,0,0,0,1049088,5,0,0,0,0,0,0,0,0,0,0,0,0,0,0,0,0,1,0,0,0,1,0,0
16,2.65,98301.6,0,1,1,0,1536,1,1,0,0,1,0,0,0,1,0,0,0,8294400,3,0,0,0,0,1,0,0,0,0,0,0,0,0,0,0,0,0,0,0,1,0,0,0
16,2.32,52746.67,0,1,1,0,2048,0,1,0,0,0,0,0,0,1,0,0,0,2073600,3,0,0,0,0,1,0,0,0,0,0,0,0,0,0,0,0,0,0,0,0,1,0,0
8,1.1,83063.52,1,1,0,1,256,1,0,0,0,0,1,0,0,0,0,0,0,3840000,5,0,0,0,0,0,0,1,0,0,0,0,0,0,0,0,0,0,0,0,0,0,1,0
4,2.1,37589.04,0,1,0,1,128,1,0,0,0,0,0,0,0,1,0,0,0,2073600,5,0,0,0,0,0,0,0,1,0,0,0,0,0,0,0,0,0,0,0,0,1,0,0
8,1.36,87219.36,1,1,0,1,256,1,0,0,0,0,0,0,0,1,0,0,0,3686400,5,0,0,0,0,0,0,0,0,0,0,1,0,0,0,0,0,0,0,1,0,0,0,0
4,2.2,32660.64,0,1,0,1,1024,0,1,0,0,0,0,0,0,1,0,0,0,2073600,5,1,0,0,0,0,0,0,0,0,0,0,0,0,0,0,0,0,0,0,0,1,0,0
4,1.86,15392.59,0,1,0,0,1024,0,1,0,0,0,0,0,0,0,0,0,0,1049088,5,0,0,0,0,0,0,0,1,0,0,0,0,0,0,0,0,0,0,0,0,1,0,0
4,1.23,20512.8,0,1,0,0,16,0,0,0,1,0,1,0,0,0,0,0,0,1049088,5,0,0,0,0,0,0,0,1,0,0,0,0,0,0,0,0,0,0,0,0,0,0,0
8,2.2,43263.36,0,1,1,0,500,0,1,0,0,0,0,0,0,1,0,0,0,1049088,5,0,0,0,0,0,0,0,0,0,0,0,0,0,0,0,1,0,0,0,0,1,0,0
4,1.86,13746.24,0,0,0,0,500,0,1,0,0,0,0,0,0,0,0,0,0,1049088,5,0,0,0,0,0,0,0,1,0,0,0,0,0,0,0,0,0,0,0,0,1,0,0
32,1.05,149130.72,1,1,1,0,512,1,0,0,0,0,0,0,0,1,0,0,0,2073600,5,0,0,0,0,0,0,0,0,0,0,0,0,0,0,0,1,0,0,0,0,0,1,0
6,2.4,26586.72,0,0,0,1,1024,0,1,0,0,0,0,0,0,1,0,0,0,2073600,4,0,0,0,0,0,0,0,0,0,0,1,0,0,0,0,0,0,0,0,0,1,0,0
8,1.64,53839.97,0,1,0,1,256,1,0,0,0,0,0,0,0,1,0,0,0,2073600,5,0,0,0,0,0,0,0,1,0,0,0,0,0,0,0,0,0,0,0,0,1,0,0
4,2.1,24988.32,0,1,0,1,1024,0,1,0,0,0,0,0,0,1,0,0,0,2073600,4,0,0,0,0,0,0,0,1,0,0,0,0,0,0,0,0,0,0,0,0,1,0,0
4,2.18,48618.0,0,1,0,1,1152,1,1,0,0,1,0,0,0,1,0,0,0,2073600,5,0,0,0,0,1,0,0,0,0,0,0,0,0,0,0,0,0,0,0,0,1,0,0
12,2.26,58554.72,1,1,1,0,2560,1,1,0,0,1,0,0,0,1,0,0,0,2073600,5,0,0,1,0,0,0,0,0,0,0,0,0,0,0,0,0,0,0,1,0,0,0,0
8,2.63,48484.8,0,1,0,1,1024,0,1,0,0,0,0,0,0,1,0,0,0,1440000,5,0,0,0,0,0,0,0,1,0,0,0,0,0,0,0,0,0,0,0,0,1,0,0
4,1.9,13445.74,0,1,0,0,1024,0,1,0,0,0,0,0,0,0,0,0,0,1049088,5,0,0,0,0,0,0,0,0,0,0,1,0,0,0,0,0,0,0,0,0,1,0,0
4,1.68,18594.72,0,1,0,0,32,0,0,0,1,0,1,0,0,0,0,0,0,1049088,5,1,0,0,0,0,0,0,0,0,0,0,0,0,0,0,0,0,0,0,0,1,0,0
4,2.08,27119.52,1,1,0,1,500,0,1,0,0,0,0,0,0,1,0,0,0,2073600,5,0,0,0,0,1,0,0,0,0,0,0,0,0,0,0,0,0,0,1,0,0,0,0
8,2.45,37242.72,0,0,1,0,1024,0,1,0,0,0,0,0,0,1,0,0,0,2073600,4,0,0,1,0,0,0,0,0,0,0,0,0,0,0,0,0,0,0,0,1,0,0,0
8,2.65,53226.72,0,1,1,0,1024,0,1,0,0,0,0,0,0,1,0,0,0,2073600,4,0,0,0,0,1,0,0,0,0,0,0,0,0,0,0,0,0,0,0,1,0,0,0
8,2.3,48538.08,0,1,0,1,256,1,0,0,0,0,0,0,0,1,0,0,0,2073600,5,0,0,0,0,0,0,0,0,0,0,1,0,0,0,0,0,0,0,0,0,1,0,0
8,1.63,43263.36,0,1,0,1,1024,0,1,0,0,0,0,0,0,1,0,0,0,2073600,5,0,0,0,0,0,0,0,1,0,0,0,0,0,0,0,0,0,0,0,0,1,0,0
8,1.48,86793.12,1,1,0,1,256,1,0,0,0,0,0,0,0,1,0,0,0,2073600,5,0,0,0,0,0,0,0,1,0,0,0,0,0,0,0,0,0,0,1,0,0,0,0
8,1.6,63882.72,1,1,0,1,256,1,0,0,0,0,0,0,0,1,0,0,0,2073600,5,0,0,0,0,1,0,0,0,0,0,0,0,0,0,0,0,0,0,1,0,0,0,0
8,2.3,24988.85,1,1,0,1,1024,0,1,0,0,0,0,0,0,1,0,0,0,1049088,5,0,0,0,0,1,0,0,0,0,0,0,0,0,0,0,0,0,0,0,0,1,0,0
4,2.18,29762.21,0,1,0,1,1024,0,1,0,0,0,0,0,0,1,0,0,0,1049088,5,0,0,0,0,1,0,0,0,0,0,0,0,0,0,0,0,0,0,0,0,1,0,0
4,2.18,27804.7,0,1,0,1,1024,0,1,0,0,0,0,1,0,0,0,0,0,1049088,5,0,0,0,0,1,0,0,0,0,0,0,0,0,0,0,0,0,0,0,0,1,0,0
