[2026-05-16 13:56:10,057: INFO: main: Starting the main.py file]
[2026-05-17 14:02:36,279: INFO: common: yaml file: config\config.yaml loaded successfully]
[2026-05-17 14:02:36,281: INFO: common: yaml file: params.yaml loaded successfully]
[2026-05-17 14:02:36,283: INFO: common: yaml file: schema.yaml loaded successfully]
[2026-05-17 14:02:36,284: INFO: common: created directory at: artifacts]
[2026-05-17 14:02:36,285: INFO: common: created directory at: artifacts/data_ingestion]
[2026-05-17 14:02:37,933: INFO: 251335794: artifacts/data_ingestion/laptopData.csv download! with following info: 
Date: Sun, 17 May 2026 08:32:42 GMT
Content-Type: text/html; charset=utf-8
Vary: X-PJAX, X-PJAX-Container, Turbo-Visit, Turbo-Frame, X-Requested-With, Sec-Fetch-Site,Accept-Encoding, Accept, X-Requested-With
x-repository-download: git clone https://github.com/Hemachander002/datasets.git
x-raw-download: https://raw.githubusercontent.com/Hemachander002/datasets/main/laptopData.csv
ETag: W/"ec8c1d5ffa9594b3e7e517838f14f481"
Cache-Control: max-age=0, private, must-revalidate
Strict-Transport-Security: max-age=31536000; includeSubdomains; preload
X-Frame-Options: deny
X-Content-Type-Options: nosniff
X-XSS-Protection: 0
Referrer-Policy: no-referrer-when-downgrade
Content-Security-Policy: default-src 'none'; base-uri 'self'; child-src github.githubassets.com github.com/assets-cdn/worker/ github.com/assets/ gist.github.com/assets-cdn/worker/; connect-src 'self' uploads.github.com www.githubstatus.com collector.github.com raw.githubusercontent.com api.github.com github-cloud.s3.amazonaws.com github-production-repository-file-5c1aeb.s3.amazonaws.com github-production-upload-manifest-file-7fdce7.s3.amazonaws.com github-production-user-asset-6210df.s3.amazonaws.com *.rel.tunnels.api.visualstudio.com wss://*.rel.tunnels.api.visualstudio.com github.githubassets.com objects-origin.githubusercontent.com copilot-proxy.githubusercontent.com proxy.individual.githubcopilot.com proxy.business.githubcopilot.com proxy.enterprise.githubcopilot.com *.actions.githubusercontent.com wss://*.actions.githubusercontent.com productionresultssa0.blob.core.windows.net productionresultssa1.blob.core.windows.net productionresultssa2.blob.core.windows.net productionresultssa3.blob.core.windows.net productionresultssa4.blob.core.windows.net productionresultssa5.blob.core.windows.net productionresultssa6.blob.core.windows.net productionresultssa7.blob.core.windows.net productionresultssa8.blob.core.windows.net productionresultssa9.blob.core.windows.net productionresultssa10.blob.core.windows.net productionresultssa11.blob.core.windows.net productionresultssa12.blob.core.windows.net productionresultssa13.blob.core.windows.net productionresultssa14.blob.core.windows.net productionresultssa15.blob.core.windows.net productionresultssa16.blob.core.windows.net productionresultssa17.blob.core.windows.net productionresultssa18.blob.core.windows.net productionresultssa19.blob.core.windows.net github-production-repository-image-32fea6.s3.amazonaws.com github-production-release-asset-2e65be.s3.amazonaws.com insights.github.com wss://alive.github.com wss://alive-staging.github.com api.githubcopilot.com api.individual.githubcopilot.com api.business.githubcopilot.com api.enterprise.githubcopilot.com; font-src github.githubassets.com; form-action 'self' github.com gist.github.com copilot-workspace.githubnext.com objects-origin.githubusercontent.com; frame-ancestors 'none'; frame-src viewscreen.githubusercontent.com notebooks.githubusercontent.com; img-src 'self' data: blob: github.githubassets.com media.githubusercontent.com camo.githubusercontent.com identicons.github.com avatars.githubusercontent.com private-avatars.githubusercontent.com github-cloud.s3.amazonaws.com objects.githubusercontent.com release-assets.githubusercontent.com secured-user-images.githubusercontent.com user-images.githubusercontent.com private-user-images.githubusercontent.com opengraph.githubassets.com marketplace-screenshots.githubusercontent.com copilotprodattachments.blob.core.windows.net/github-production-copilot-attachments/ github-production-user-asset-6210df.s3.amazonaws.com customer-stories-feed.github.com spotlights-feed.github.com explore-feed.github.com objects-origin.githubusercontent.com *.githubusercontent.com; manifest-src 'self'; media-src github.com user-images.githubusercontent.com secured-user-images.githubusercontent.com private-user-images.githubusercontent.com github-production-user-asset-6210df.s3.amazonaws.com gist.github.com github.githubassets.com; script-src github.githubassets.com; style-src 'unsafe-inline' github.githubassets.com; upgrade-insecure-requests; worker-src github.githubassets.com github.com/assets-cdn/worker/ github.com/assets/ gist.github.com/assets-cdn/worker/
Server: github.com
Accept-Ranges: bytes
Set-Cookie: _gh_sess=%2BgXEBBiv%2BwXez7qkD%2BU%2Fwevs%2F41bKbsdh%2Fo1DJl62gYxqC46vRmQrm35ysOfBf0WOeB%2FV%2Fu9XUcOlxePR3S1FOFg0xBhYEmm4xejLbeZMm1sp4Kgnf80po%2BBV8xCgo7hFfxnBE%2Fqn%2Fzd%2Fz9CceYxag6XbabnV0F21WceYcNU876EGov19Ee7w%2B6TghSsnWM7mQmoTfvMqtmfgxDnC7DzjIUdavO4bnw65H7aa%2BpwSwSDFHtlkRGgznXa6DN2ZRCV92bepJ62i%2FSNFLYhSSLjSA%3D%3D--CiSwD1NOtiCa9ynD--MZl6lVfB29buOvYsd8VCTg%3D%3D; path=/; HttpOnly; secure; SameSite=Lax
Set-Cookie: _octo=GH1.1.1869999010.1779006761; expires=Mon, 17 May 2027 08:32:41 GMT; domain=.github.com; path=/; secure; SameSite=Lax
Set-Cookie: logged_in=no; expires=Mon, 17 May 2027 08:32:41 GMT; domain=.github.com; path=/; HttpOnly; secure; SameSite=Lax
X-GitHub-Request-Id: 4010:298FF4:15EA862:1B6AB8D:6A097D29
connection: close
Transfer-Encoding: chunked

]
[2026-05-18 00:49:13,815: INFO: main: >>>>>>> stage Data Ingestion Stage started <<<<<<<]
[2026-05-18 00:49:13,836: ERROR: main: DataIngestionTrainingPipeline.DataIngestionTrainingPipeline() takes 0 positional arguments but 1 was given]
Traceback (most recent call last):
  File "E:\PROJECT\lap price pred\main.py", line 8, in <module>
    obj.DataIngestionTrainingPipeline()
TypeError: DataIngestionTrainingPipeline.DataIngestionTrainingPipeline() takes 0 positional arguments but 1 was given
[2026-05-18 00:50:49,188: INFO: main: >>>>>>> stage Data Ingestion Stage started <<<<<<<]
[2026-05-18 00:50:49,188: ERROR: main: DataIngestionTrainingPipeline.InitiateDataIngestionTrainingPipeline() takes 0 positional arguments but 1 was given]
Traceback (most recent call last):
  File "E:\PROJECT\lap price pred\main.py", line 8, in <module>
    obj.InitiateDataIngestionTrainingPipeline()
TypeError: DataIngestionTrainingPipeline.InitiateDataIngestionTrainingPipeline() takes 0 positional arguments but 1 was given
[2026-05-18 00:52:06,426: INFO: main: >>>>>>> stage Data Ingestion Stage started <<<<<<<]
[2026-05-18 00:52:06,426: INFO: main: >>>>>>> stage Data Ingestion Stage completed <<<<<<<

x==========x]
[2026-05-18 01:01:05,869: INFO: main: >>>>>>> stage Data Ingestion Stage started <<<<<<<]
[2026-05-18 01:01:05,869: INFO: main: >>>>>>> stage Data Ingestion Stage completed <<<<<<<

x==========x]
[2026-05-18 01:05:04,126: INFO: main: >>>>>>> stage Data Ingestion Stage started <<<<<<<]
[2026-05-18 01:05:04,126: INFO: main: >>>>>>> stage Data Ingestion Stage completed <<<<<<<

x==========x]
[2026-05-18 01:08:30,759: INFO: main: >>>>>>> stage Data Ingestion Stage started <<<<<<<]
[2026-05-18 01:08:30,760: INFO: main: >>>>>>> stage Data Ingestion Stage completed <<<<<<<

x==========x]
[2026-05-18 01:09:25,102: INFO: main: >>>>>>> stage Data Ingestion Stage started <<<<<<<]
[2026-05-18 01:09:25,106: INFO: common: yaml file: config\config.yaml loaded successfully]
[2026-05-18 01:09:25,115: INFO: common: yaml file: params.yaml loaded successfully]
[2026-05-18 01:09:25,116: INFO: common: yaml file: schema.yaml loaded successfully]
[2026-05-18 01:09:25,117: INFO: common: created directory at: artifacts]
[2026-05-18 01:09:25,117: INFO: common: created directory at: artifacts/data_ingestion]
[2026-05-18 01:09:26,942: INFO: data_ingestion: artifacts/data_ingestion/laptopData.csv download! with following info: 
Date: Sun, 17 May 2026 19:39:31 GMT
Content-Type: text/html; charset=utf-8
Vary: X-PJAX, X-PJAX-Container, Turbo-Visit, Turbo-Frame, X-Requested-With, Sec-Fetch-Site,Accept-Encoding, Accept, X-Requested-With
x-repository-download: git clone https://github.com/Hemachander002/datasets.git
x-raw-download: https://raw.githubusercontent.com/Hemachander002/datasets/main/laptopData.csv
ETag: W/"d458f551ad4b1b3dad35930694006d83"
Cache-Control: max-age=0, private, must-revalidate
Strict-Transport-Security: max-age=31536000; includeSubdomains; preload
X-Frame-Options: deny
X-Content-Type-Options: nosniff
X-XSS-Protection: 0
Referrer-Policy: no-referrer-when-downgrade
Content-Security-Policy: default-src 'none'; base-uri 'self'; child-src github.githubassets.com github.com/assets-cdn/worker/ github.com/assets/ gist.github.com/assets-cdn/worker/; connect-src 'self' uploads.github.com www.githubstatus.com collector.github.com raw.githubusercontent.com api.github.com github-cloud.s3.amazonaws.com github-production-repository-file-5c1aeb.s3.amazonaws.com github-production-upload-manifest-file-7fdce7.s3.amazonaws.com github-production-user-asset-6210df.s3.amazonaws.com *.rel.tunnels.api.visualstudio.com wss://*.rel.tunnels.api.visualstudio.com github.githubassets.com objects-origin.githubusercontent.com copilot-proxy.githubusercontent.com proxy.individual.githubcopilot.com proxy.business.githubcopilot.com proxy.enterprise.githubcopilot.com *.actions.githubusercontent.com wss://*.actions.githubusercontent.com productionresultssa0.blob.core.windows.net productionresultssa1.blob.core.windows.net productionresultssa2.blob.core.windows.net productionresultssa3.blob.core.windows.net productionresultssa4.blob.core.windows.net productionresultssa5.blob.core.windows.net productionresultssa6.blob.core.windows.net productionresultssa7.blob.core.windows.net productionresultssa8.blob.core.windows.net productionresultssa9.blob.core.windows.net productionresultssa10.blob.core.windows.net productionresultssa11.blob.core.windows.net productionresultssa12.blob.core.windows.net productionresultssa13.blob.core.windows.net productionresultssa14.blob.core.windows.net productionresultssa15.blob.core.windows.net productionresultssa16.blob.core.windows.net productionresultssa17.blob.core.windows.net productionresultssa18.blob.core.windows.net productionresultssa19.blob.core.windows.net github-production-repository-image-32fea6.s3.amazonaws.com github-production-release-asset-2e65be.s3.amazonaws.com insights.github.com wss://alive.github.com wss://alive-staging.github.com api.githubcopilot.com api.individual.githubcopilot.com api.business.githubcopilot.com api.enterprise.githubcopilot.com; font-src github.githubassets.com; form-action 'self' github.com gist.github.com copilot-workspace.githubnext.com objects-origin.githubusercontent.com; frame-ancestors 'none'; frame-src viewscreen.githubusercontent.com notebooks.githubusercontent.com; img-src 'self' data: blob: github.githubassets.com media.githubusercontent.com camo.githubusercontent.com identicons.github.com avatars.githubusercontent.com private-avatars.githubusercontent.com github-cloud.s3.amazonaws.com objects.githubusercontent.com release-assets.githubusercontent.com secured-user-images.githubusercontent.com user-images.githubusercontent.com private-user-images.githubusercontent.com opengraph.githubassets.com marketplace-screenshots.githubusercontent.com copilotprodattachments.blob.core.windows.net/github-production-copilot-attachments/ github-production-user-asset-6210df.s3.amazonaws.com customer-stories-feed.github.com spotlights-feed.github.com explore-feed.github.com objects-origin.githubusercontent.com *.githubusercontent.com; manifest-src 'self'; media-src github.com user-images.githubusercontent.com secured-user-images.githubusercontent.com private-user-images.githubusercontent.com github-production-user-asset-6210df.s3.amazonaws.com gist.github.com github.githubassets.com; script-src github.githubassets.com; style-src 'unsafe-inline' github.githubassets.com; upgrade-insecure-requests; worker-src github.githubassets.com github.com/assets-cdn/worker/ github.com/assets/ gist.github.com/assets-cdn/worker/
Server: github.com
Accept-Ranges: bytes
Set-Cookie: _gh_sess=aFhRiEonkEuAZP2wZlG0%2FfOQDY9aNcjydOG8YctdxywnNSRfNl5cpOql4QRruSkrYlSbc%2BHSJcMXmlH%2BYdWFFcWAQlsY0owUz9gN77PJds3ozsbvcNiOQ%2BcBXqh%2Fs9FLTQZp64wdmBEUOFRZGLb8drtIT6n1oZnKkhk84tZ3nHebfd96wkUHLTrdR4%2B1enreM1c4hzPdIRFqg0KbFLxlp0%2B05hKRvxyd7qrbDSwdBs0bIAyj9k%2FiurHGXLEYpZo%2FqWfmGD%2BzV%2B596xKUAMncWw%3D%3D--C2QiE5GEID0AupgG--1RTZFqjsQNUT1k4P2tEAOQ%3D%3D; path=/; HttpOnly; secure; SameSite=Lax
Set-Cookie: _octo=GH1.1.1097290084.1779046770; expires=Mon, 17 May 2027 19:39:30 GMT; domain=.github.com; path=/; secure; SameSite=Lax
Set-Cookie: logged_in=no; expires=Mon, 17 May 2027 19:39:30 GMT; domain=.github.com; path=/; HttpOnly; secure; SameSite=Lax
X-GitHub-Request-Id: 7277:2E08B2:1D56466:2465D80:6A0A1972
connection: close
Transfer-Encoding: chunked

]
[2026-05-18 01:09:26,942: ERROR: main: File is not a zip file: artifacts/data_ingestion/laptopData.csv]
Traceback (most recent call last):
  File "E:\PROJECT\lap price pred\main.py", line 8, in <module>
    obj.InitiateDataIngestionTrainingPipeline()
  File "E:\PROJECT\lap price pred\src\laptop_price_prediction\pipeline\data_ingestion_pipeline.py", line 17, in InitiateDataIngestionTrainingPipeline
    data_ingestion.extract_zip_file()
  File "E:\PROJECT\lap price pred\src\laptop_price_prediction\components\data_ingestion.py", line 29, in extract_zip_file
    raise Exception(f"File is not a zip file: {self.config.local_data_file}")
Exception: File is not a zip file: artifacts/data_ingestion/laptopData.csv
[2026-05-18 15:45:44,769: INFO: main: >>>>>>> stage Data Validation Stage started <<<<<<<]
[2026-05-18 15:45:44,779: INFO: common: yaml file: config\config.yaml loaded successfully]
[2026-05-18 15:45:44,779: INFO: common: yaml file: params.yaml loaded successfully]
[2026-05-18 15:45:44,780: INFO: common: yaml file: schema.yaml loaded successfully]
[2026-05-18 15:45:44,781: INFO: common: created directory at: artifacts]
[2026-05-18 15:45:44,781: INFO: common: created directory at: artifacts/data_validation]
[2026-05-18 15:45:44,790: ERROR: data_validation: 'str' object has no attribute 'keys']
Traceback (most recent call last):
  File "E:\PROJECT\lap price pred\src\laptop_price_prediction\components\data_validation.py", line 18, in validate_data
    expected_columns = set(self.config.all_schema.keys())
AttributeError: 'str' object has no attribute 'keys'
[2026-05-18 15:45:44,790: INFO: main: >>>>>>> stage Data Validation Stage completed <<<<<<<

x==========x]
[2026-05-18 15:48:10,935: INFO: main: >>>>>>> stage Data Validation Stage started <<<<<<<]
[2026-05-18 15:48:10,939: INFO: common: yaml file: config\config.yaml loaded successfully]
[2026-05-18 15:48:10,939: INFO: common: yaml file: params.yaml loaded successfully]
[2026-05-18 15:48:10,941: INFO: common: yaml file: schema.yaml loaded successfully]
[2026-05-18 15:48:10,941: INFO: common: created directory at: artifacts]
[2026-05-18 15:48:10,941: INFO: common: created directory at: artifacts/data_validation]
[2026-05-18 15:48:10,950: ERROR: data_validation: 'str' object has no attribute 'keys']
Traceback (most recent call last):
  File "E:\PROJECT\lap price pred\src\laptop_price_prediction\components\data_validation.py", line 18, in validate_data
    expected_columns = set(self.config.all_schema.keys())
AttributeError: 'str' object has no attribute 'keys'
[2026-05-18 15:48:10,950: INFO: main: >>>>>>> stage Data Validation Stage completed <<<<<<<

x==========x]
[2026-05-18 15:58:34,664: INFO: main: >>>>>>> stage Data Validation Stage started <<<<<<<]
[2026-05-18 15:58:34,667: INFO: common: yaml file: config\config.yaml loaded successfully]
[2026-05-18 15:58:34,668: INFO: common: yaml file: params.yaml loaded successfully]
[2026-05-18 15:58:34,669: INFO: common: yaml file: schema.yaml loaded successfully]
[2026-05-18 15:58:34,670: INFO: common: created directory at: artifacts]
[2026-05-18 15:58:34,670: INFO: common: created directory at: artifacts/data_validation]
[2026-05-18 15:58:34,678: ERROR: data_validation: 'str' object has no attribute 'COLUMNS']
Traceback (most recent call last):
  File "E:\PROJECT\lap price pred\src\laptop_price_prediction\components\data_validation.py", line 18, in validate_data
    expected_columns = set(self.config.all_schema.COLUMNS.keys())
AttributeError: 'str' object has no attribute 'COLUMNS'
[2026-05-18 15:58:34,679: INFO: main: >>>>>>> stage Data Validation Stage completed <<<<<<<

x==========x]
[2026-05-18 16:02:56,278: INFO: main: >>>>>>> stage Data Validation Stage started <<<<<<<]
[2026-05-18 16:02:56,282: INFO: common: yaml file: config\config.yaml loaded successfully]
[2026-05-18 16:02:56,282: INFO: common: yaml file: params.yaml loaded successfully]
[2026-05-18 16:02:56,284: INFO: common: yaml file: schema.yaml loaded successfully]
[2026-05-18 16:02:56,285: INFO: common: created directory at: artifacts]
[2026-05-18 16:02:56,285: INFO: common: created directory at: artifacts/data_validation]
[2026-05-18 16:02:56,294: INFO: data_validation: Column validation successful! All expected columns are present.]
[2026-05-18 16:02:56,295: INFO: main: >>>>>>> stage Data Validation Stage completed <<<<<<<

x==========x]
[2026-05-19 01:45:51,419: INFO: main: >>>>>>> stage Data Ingestion Stage started <<<<<<<]
[2026-05-19 01:45:51,427: INFO: common: yaml file: config\config.yaml loaded successfully]
[2026-05-19 01:45:51,429: INFO: common: yaml file: params.yaml loaded successfully]
[2026-05-19 01:45:51,431: INFO: common: yaml file: schema.yaml loaded successfully]
[2026-05-19 01:45:51,431: INFO: common: created directory at: artifacts]
[2026-05-19 01:45:51,431: INFO: common: created directory at: artifacts/data_ingestion]
[2026-05-19 01:45:51,432: INFO: data_ingestion: File already exists]
[2026-05-19 01:45:51,436: ERROR: main: File is not a zip file: artifacts/data_ingestion/data.csv]
Traceback (most recent call last):
  File "E:\PROJECT\lap price pred\main.py", line 10, in <module>
    obj.InitiateDataIngestionTrainingPipeline()
  File "E:\PROJECT\lap price pred\src\laptop_price_prediction\pipeline\data_ingestion_pipeline.py", line 17, in InitiateDataIngestionTrainingPipeline
    data_ingestion.extract_zip_file()
  File "E:\PROJECT\lap price pred\src\laptop_price_prediction\components\data_ingestion.py", line 29, in extract_zip_file
    raise Exception(f"File is not a zip file: {self.config.local_data_file}")
Exception: File is not a zip file: artifacts/data_ingestion/data.csv
[2026-05-19 01:49:08,583: INFO: main: >>>>>>> stage Data Ingestion Stage started <<<<<<<]
[2026-05-19 01:49:08,587: INFO: common: yaml file: config\config.yaml loaded successfully]
[2026-05-19 01:49:08,588: INFO: common: yaml file: params.yaml loaded successfully]
[2026-05-19 01:49:08,590: INFO: common: yaml file: schema.yaml loaded successfully]
[2026-05-19 01:49:08,590: INFO: common: created directory at: artifacts]
[2026-05-19 01:49:08,591: INFO: common: created directory at: artifacts/data_ingestion]
[2026-05-19 01:49:08,591: INFO: data_ingestion: File already exists]
[2026-05-19 01:49:08,592: ERROR: main: File is not a zip file: artifacts/data_ingestion/data.csv]
Traceback (most recent call last):
  File "E:\PROJECT\lap price pred\main.py", line 10, in <module>
    obj.InitiateDataIngestionTrainingPipeline()
  File "E:\PROJECT\lap price pred\src\laptop_price_prediction\pipeline\data_ingestion_pipeline.py", line 17, in InitiateDataIngestionTrainingPipeline
    data_ingestion.extract_zip_file()
  File "E:\PROJECT\lap price pred\src\laptop_price_prediction\components\data_ingestion.py", line 29, in extract_zip_file
    raise Exception(f"File is not a zip file: {self.config.local_data_file}")
Exception: File is not a zip file: artifacts/data_ingestion/data.csv
[2026-05-19 01:52:24,554: INFO: main: >>>>>>> stage Data Ingestion Stage started <<<<<<<]
[2026-05-19 01:52:24,558: INFO: common: yaml file: config\config.yaml loaded successfully]
[2026-05-19 01:52:24,559: INFO: common: yaml file: params.yaml loaded successfully]
[2026-05-19 01:52:24,561: INFO: common: yaml file: schema.yaml loaded successfully]
[2026-05-19 01:52:24,561: INFO: common: created directory at: artifacts]
[2026-05-19 01:52:24,562: INFO: common: created directory at: artifacts/data_ingestion]
[2026-05-19 01:52:24,562: INFO: data_ingestion: File already exists]
[2026-05-19 01:52:24,562: INFO: data_ingestion_pipeline: >>>>>>> stage Data Ingestion Stage completed <<<<<<<

x==========x]
[2026-05-19 01:52:24,563: INFO: main: >>>>>>> stage Data Ingestion Stage completed <<<<<<<

x==========x]
[2026-05-19 01:52:24,563: INFO: main: >>>>>>> stage Data Validation Stage started <<<<<<<]
[2026-05-19 01:52:24,566: INFO: common: yaml file: config\config.yaml loaded successfully]
[2026-05-19 01:52:24,567: INFO: common: yaml file: params.yaml loaded successfully]
[2026-05-19 01:52:24,569: INFO: common: yaml file: schema.yaml loaded successfully]
[2026-05-19 01:52:24,569: INFO: common: created directory at: artifacts]
[2026-05-19 01:52:24,569: INFO: common: created directory at: artifacts/data_validation]
[2026-05-19 01:52:24,576: INFO: data_validation: Column validation successful! All expected columns are present.]
[2026-05-19 01:52:24,577: INFO: main: >>>>>>> stage Data Validation Stage completed <<<<<<<

x==========x]
[2026-05-19 01:52:24,577: INFO: main: >>>>>>> stage Data Transformation Stage started <<<<<<<]
[2026-05-19 01:52:24,578: ERROR: data_transformation_pipeline: [Errno 22] Invalid argument: 'E:\\PROJECT\\lap price pred\x07rtifacts\\data_validation\\status.txt']
Traceback (most recent call last):
  File "E:\PROJECT\lap price pred\src\laptop_price_prediction\pipeline\data_transformation_pipeline.py", line 16, in InitiateDataTransformationPipeline
    with open(Path("E:\PROJECT\lap price pred\artifacts\data_validation\status.txt"), "r") as f:
OSError: [Errno 22] Invalid argument: 'E:\\PROJECT\\lap price pred\x07rtifacts\\data_validation\\status.txt'
[2026-05-19 01:52:24,578: ERROR: main: [Errno 22] Invalid argument: 'E:\\PROJECT\\lap price pred\x07rtifacts\\data_validation\\status.txt']
Traceback (most recent call last):
  File "E:\PROJECT\lap price pred\main.py", line 31, in <module>
    obj.InitiateDataTransformationPipeline()
  File "E:\PROJECT\lap price pred\src\laptop_price_prediction\pipeline\data_transformation_pipeline.py", line 29, in InitiateDataTransformationPipeline
    raise e
  File "E:\PROJECT\lap price pred\src\laptop_price_prediction\pipeline\data_transformation_pipeline.py", line 16, in InitiateDataTransformationPipeline
    with open(Path("E:\PROJECT\lap price pred\artifacts\data_validation\status.txt"), "r") as f:
OSError: [Errno 22] Invalid argument: 'E:\\PROJECT\\lap price pred\x07rtifacts\\data_validation\\status.txt'
[2026-05-19 01:54:17,129: INFO: main: >>>>>>> stage Data Ingestion Stage started <<<<<<<]
[2026-05-19 01:54:17,132: INFO: common: yaml file: config\config.yaml loaded successfully]
[2026-05-19 01:54:17,133: INFO: common: yaml file: params.yaml loaded successfully]
[2026-05-19 01:54:17,135: INFO: common: yaml file: schema.yaml loaded successfully]
[2026-05-19 01:54:17,135: INFO: common: created directory at: artifacts]
[2026-05-19 01:54:17,136: INFO: common: created directory at: artifacts/data_ingestion]
[2026-05-19 01:54:17,136: INFO: data_ingestion: File already exists]
[2026-05-19 01:54:17,137: INFO: data_ingestion_pipeline: >>>>>>> stage Data Ingestion Stage completed <<<<<<<

x==========x]
[2026-05-19 01:54:17,137: INFO: main: >>>>>>> stage Data Ingestion Stage completed <<<<<<<

x==========x]
[2026-05-19 01:54:17,137: INFO: main: >>>>>>> stage Data Validation Stage started <<<<<<<]
[2026-05-19 01:54:17,141: INFO: common: yaml file: config\config.yaml loaded successfully]
[2026-05-19 01:54:17,141: INFO: common: yaml file: params.yaml loaded successfully]
[2026-05-19 01:54:17,144: INFO: common: yaml file: schema.yaml loaded successfully]
[2026-05-19 01:54:17,144: INFO: common: created directory at: artifacts]
[2026-05-19 01:54:17,145: INFO: common: created directory at: artifacts/data_validation]
[2026-05-19 01:54:17,152: INFO: data_validation: Column validation successful! All expected columns are present.]
[2026-05-19 01:54:17,153: INFO: main: >>>>>>> stage Data Validation Stage completed <<<<<<<

x==========x]
[2026-05-19 01:54:17,153: INFO: main: >>>>>>> stage Data Transformation Stage started <<<<<<<]
[2026-05-19 01:54:17,154: ERROR: data_transformation_pipeline: Data validation failed. Data transformation cannot proceed.]
Traceback (most recent call last):
  File "E:\PROJECT\lap price pred\src\laptop_price_prediction\pipeline\data_transformation_pipeline.py", line 25, in InitiateDataTransformationPipeline
    raise Exception("Data validation failed. Data transformation cannot proceed.")
Exception: Data validation failed. Data transformation cannot proceed.
[2026-05-19 01:54:17,154: ERROR: main: Data validation failed. Data transformation cannot proceed.]
Traceback (most recent call last):
  File "E:\PROJECT\lap price pred\main.py", line 31, in <module>
    obj.InitiateDataTransformationPipeline()
  File "E:\PROJECT\lap price pred\src\laptop_price_prediction\pipeline\data_transformation_pipeline.py", line 29, in InitiateDataTransformationPipeline
    raise e
  File "E:\PROJECT\lap price pred\src\laptop_price_prediction\pipeline\data_transformation_pipeline.py", line 25, in InitiateDataTransformationPipeline
    raise Exception("Data validation failed. Data transformation cannot proceed.")
Exception: Data validation failed. Data transformation cannot proceed.
[2026-05-19 01:55:39,355: INFO: main: >>>>>>> stage Data Ingestion Stage started <<<<<<<]
[2026-05-19 01:55:39,359: INFO: common: yaml file: config\config.yaml loaded successfully]
[2026-05-19 01:55:39,360: INFO: common: yaml file: params.yaml loaded successfully]
[2026-05-19 01:55:39,362: INFO: common: yaml file: schema.yaml loaded successfully]
[2026-05-19 01:55:39,362: INFO: common: created directory at: artifacts]
[2026-05-19 01:55:39,363: INFO: common: created directory at: artifacts/data_ingestion]
[2026-05-19 01:55:39,363: INFO: data_ingestion: File already exists]
[2026-05-19 01:55:39,364: INFO: data_ingestion_pipeline: >>>>>>> stage Data Ingestion Stage completed <<<<<<<

x==========x]
[2026-05-19 01:55:39,364: INFO: main: >>>>>>> stage Data Ingestion Stage completed <<<<<<<

x==========x]
[2026-05-19 01:55:39,364: INFO: main: >>>>>>> stage Data Validation Stage started <<<<<<<]
[2026-05-19 01:55:39,367: INFO: common: yaml file: config\config.yaml loaded successfully]
[2026-05-19 01:55:39,368: INFO: common: yaml file: params.yaml loaded successfully]
[2026-05-19 01:55:39,370: INFO: common: yaml file: schema.yaml loaded successfully]
[2026-05-19 01:55:39,370: INFO: common: created directory at: artifacts]
[2026-05-19 01:55:39,371: INFO: common: created directory at: artifacts/data_validation]
[2026-05-19 01:55:39,378: INFO: data_validation: Column validation successful! All expected columns are present.]
[2026-05-19 01:55:39,379: INFO: main: >>>>>>> stage Data Validation Stage completed <<<<<<<

x==========x]
[2026-05-19 01:55:39,379: INFO: main: >>>>>>> stage Data Transformation Stage started <<<<<<<]
[2026-05-19 01:55:39,379: ERROR: data_transformation_pipeline: Data validation failed. Data transformation cannot proceed.]
Traceback (most recent call last):
  File "E:\PROJECT\lap price pred\src\laptop_price_prediction\pipeline\data_transformation_pipeline.py", line 25, in InitiateDataTransformationPipeline
    raise Exception("Data validation failed. Data transformation cannot proceed.")
Exception: Data validation failed. Data transformation cannot proceed.
[2026-05-19 01:55:39,380: ERROR: main: Data validation failed. Data transformation cannot proceed.]
Traceback (most recent call last):
  File "E:\PROJECT\lap price pred\main.py", line 31, in <module>
    obj.InitiateDataTransformationPipeline()
  File "E:\PROJECT\lap price pred\src\laptop_price_prediction\pipeline\data_transformation_pipeline.py", line 29, in InitiateDataTransformationPipeline
    raise e
  File "E:\PROJECT\lap price pred\src\laptop_price_prediction\pipeline\data_transformation_pipeline.py", line 25, in InitiateDataTransformationPipeline
    raise Exception("Data validation failed. Data transformation cannot proceed.")
Exception: Data validation failed. Data transformation cannot proceed.
[2026-05-19 01:57:57,188: INFO: main: >>>>>>> stage Data Ingestion Stage started <<<<<<<]
[2026-05-19 01:57:57,191: INFO: common: yaml file: config\config.yaml loaded successfully]
[2026-05-19 01:57:57,192: INFO: common: yaml file: params.yaml loaded successfully]
[2026-05-19 01:57:57,194: INFO: common: yaml file: schema.yaml loaded successfully]
[2026-05-19 01:57:57,194: INFO: common: created directory at: artifacts]
[2026-05-19 01:57:57,194: INFO: common: created directory at: artifacts/data_ingestion]
[2026-05-19 01:57:57,194: INFO: data_ingestion: File already exists]
[2026-05-19 01:57:57,196: INFO: data_ingestion_pipeline: >>>>>>> stage Data Ingestion Stage completed <<<<<<<

x==========x]
[2026-05-19 01:57:57,196: INFO: main: >>>>>>> stage Data Ingestion Stage completed <<<<<<<

x==========x]
[2026-05-19 01:57:57,196: INFO: main: >>>>>>> stage Data Validation Stage started <<<<<<<]
[2026-05-19 01:57:57,199: INFO: common: yaml file: config\config.yaml loaded successfully]
[2026-05-19 01:57:57,200: INFO: common: yaml file: params.yaml loaded successfully]
[2026-05-19 01:57:57,201: INFO: common: yaml file: schema.yaml loaded successfully]
[2026-05-19 01:57:57,202: INFO: common: created directory at: artifacts]
[2026-05-19 01:57:57,202: INFO: common: created directory at: artifacts/data_validation]
[2026-05-19 01:57:57,209: INFO: data_validation: Column validation successful! All expected columns are present.]
[2026-05-19 01:57:57,210: INFO: main: >>>>>>> stage Data Validation Stage completed <<<<<<<

x==========x]
[2026-05-19 01:57:57,210: INFO: main: >>>>>>> stage Data Transformation Stage started <<<<<<<]
[2026-05-19 01:57:57,210: ERROR: data_transformation_pipeline: Data validation failed. Data transformation cannot proceed.]
Traceback (most recent call last):
  File "E:\PROJECT\lap price pred\src\laptop_price_prediction\pipeline\data_transformation_pipeline.py", line 25, in InitiateDataTransformationPipeline
    raise Exception("Data validation failed. Data transformation cannot proceed.")
Exception: Data validation failed. Data transformation cannot proceed.
[2026-05-19 01:57:57,211: ERROR: main: Data validation failed. Data transformation cannot proceed.]
Traceback (most recent call last):
  File "E:\PROJECT\lap price pred\main.py", line 31, in <module>
    obj.InitiateDataTransformationPipeline()
  File "E:\PROJECT\lap price pred\src\laptop_price_prediction\pipeline\data_transformation_pipeline.py", line 29, in InitiateDataTransformationPipeline
    raise e
  File "E:\PROJECT\lap price pred\src\laptop_price_prediction\pipeline\data_transformation_pipeline.py", line 25, in InitiateDataTransformationPipeline
    raise Exception("Data validation failed. Data transformation cannot proceed.")
Exception: Data validation failed. Data transformation cannot proceed.
[2026-05-19 02:00:05,302: INFO: main: >>>>>>> stage Data Ingestion Stage started <<<<<<<]
[2026-05-19 02:00:05,305: INFO: common: yaml file: config\config.yaml loaded successfully]
[2026-05-19 02:00:05,306: INFO: common: yaml file: params.yaml loaded successfully]
[2026-05-19 02:00:05,308: INFO: common: yaml file: schema.yaml loaded successfully]
[2026-05-19 02:00:05,308: INFO: common: created directory at: artifacts]
[2026-05-19 02:00:05,308: INFO: common: created directory at: artifacts/data_ingestion]
[2026-05-19 02:00:05,309: INFO: data_ingestion: File already exists]
[2026-05-19 02:00:05,309: INFO: data_ingestion_pipeline: >>>>>>> stage Data Ingestion Stage completed <<<<<<<

x==========x]
[2026-05-19 02:00:05,309: INFO: main: >>>>>>> stage Data Ingestion Stage completed <<<<<<<

x==========x]
[2026-05-19 02:00:05,309: INFO: main: >>>>>>> stage Data Validation Stage started <<<<<<<]
[2026-05-19 02:00:05,313: INFO: common: yaml file: config\config.yaml loaded successfully]
[2026-05-19 02:00:05,314: INFO: common: yaml file: params.yaml loaded successfully]
[2026-05-19 02:00:05,316: INFO: common: yaml file: schema.yaml loaded successfully]
[2026-05-19 02:00:05,316: INFO: common: created directory at: artifacts]
[2026-05-19 02:00:05,317: INFO: common: created directory at: artifacts/data_validation]
[2026-05-19 02:00:05,324: INFO: data_validation: Column validation successful! All expected columns are present.]
[2026-05-19 02:00:05,329: INFO: main: >>>>>>> stage Data Validation Stage completed <<<<<<<

x==========x]
[2026-05-19 02:00:05,330: INFO: main: >>>>>>> stage Data Transformation Stage started <<<<<<<]
[2026-05-19 02:00:05,330: ERROR: data_transformation_pipeline: Data validation failed. Data transformation cannot proceed.]
Traceback (most recent call last):
  File "E:\PROJECT\lap price pred\src\laptop_price_prediction\pipeline\data_transformation_pipeline.py", line 25, in InitiateDataTransformationPipeline
    raise Exception("Data validation failed. Data transformation cannot proceed.")
Exception: Data validation failed. Data transformation cannot proceed.
[2026-05-19 02:00:05,331: ERROR: main: Data validation failed. Data transformation cannot proceed.]
Traceback (most recent call last):
  File "E:\PROJECT\lap price pred\main.py", line 31, in <module>
    obj.InitiateDataTransformationPipeline()
  File "E:\PROJECT\lap price pred\src\laptop_price_prediction\pipeline\data_transformation_pipeline.py", line 29, in InitiateDataTransformationPipeline
    raise e
  File "E:\PROJECT\lap price pred\src\laptop_price_prediction\pipeline\data_transformation_pipeline.py", line 25, in InitiateDataTransformationPipeline
    raise Exception("Data validation failed. Data transformation cannot proceed.")
Exception: Data validation failed. Data transformation cannot proceed.
[2026-05-19 02:00:40,909: INFO: main: >>>>>>> stage Data Ingestion Stage started <<<<<<<]
[2026-05-19 02:00:40,913: INFO: common: yaml file: config\config.yaml loaded successfully]
[2026-05-19 02:00:40,914: INFO: common: yaml file: params.yaml loaded successfully]
[2026-05-19 02:00:40,916: INFO: common: yaml file: schema.yaml loaded successfully]
[2026-05-19 02:00:40,916: INFO: common: created directory at: artifacts]
[2026-05-19 02:00:40,917: INFO: common: created directory at: artifacts/data_ingestion]
[2026-05-19 02:00:40,917: INFO: data_ingestion: File already exists]
[2026-05-19 02:00:40,917: INFO: data_ingestion_pipeline: >>>>>>> stage Data Ingestion Stage completed <<<<<<<

x==========x]
[2026-05-19 02:00:40,917: INFO: main: >>>>>>> stage Data Ingestion Stage completed <<<<<<<

x==========x]
[2026-05-19 02:00:40,917: INFO: main: >>>>>>> stage Data Validation Stage started <<<<<<<]
[2026-05-19 02:00:40,921: INFO: common: yaml file: config\config.yaml loaded successfully]
[2026-05-19 02:00:40,922: INFO: common: yaml file: params.yaml loaded successfully]
[2026-05-19 02:00:40,923: INFO: common: yaml file: schema.yaml loaded successfully]
[2026-05-19 02:00:40,924: INFO: common: created directory at: artifacts]
[2026-05-19 02:00:40,924: INFO: common: created directory at: artifacts/data_validation]
[2026-05-19 02:00:40,932: INFO: data_validation: Column validation successful! All expected columns are present.]
[2026-05-19 02:00:40,933: INFO: main: >>>>>>> stage Data Validation Stage completed <<<<<<<

x==========x]
[2026-05-19 02:00:40,934: INFO: main: >>>>>>> stage Data Transformation Stage started <<<<<<<]
[2026-05-19 02:00:40,934: ERROR: data_transformation_pipeline: Data validation failed. Data transformation cannot proceed.]
Traceback (most recent call last):
  File "E:\PROJECT\lap price pred\src\laptop_price_prediction\pipeline\data_transformation_pipeline.py", line 27, in InitiateDataTransformationPipeline
    raise Exception("Data validation failed. Data transformation cannot proceed.")
Exception: Data validation failed. Data transformation cannot proceed.
[2026-05-19 02:00:40,935: ERROR: main: Data validation failed. Data transformation cannot proceed.]
Traceback (most recent call last):
  File "E:\PROJECT\lap price pred\main.py", line 31, in <module>
    obj.InitiateDataTransformationPipeline()
  File "E:\PROJECT\lap price pred\src\laptop_price_prediction\pipeline\data_transformation_pipeline.py", line 31, in InitiateDataTransformationPipeline
    raise e
  File "E:\PROJECT\lap price pred\src\laptop_price_prediction\pipeline\data_transformation_pipeline.py", line 27, in InitiateDataTransformationPipeline
    raise Exception("Data validation failed. Data transformation cannot proceed.")
Exception: Data validation failed. Data transformation cannot proceed.
[2026-05-19 02:03:17,096: INFO: main: >>>>>>> stage Data Ingestion Stage started <<<<<<<]
[2026-05-19 02:03:17,099: INFO: common: yaml file: config\config.yaml loaded successfully]
[2026-05-19 02:03:17,100: INFO: common: yaml file: params.yaml loaded successfully]
[2026-05-19 02:03:17,101: INFO: common: yaml file: schema.yaml loaded successfully]
[2026-05-19 02:03:17,102: INFO: common: created directory at: artifacts]
[2026-05-19 02:03:17,102: INFO: common: created directory at: artifacts/data_ingestion]
[2026-05-19 02:03:17,102: INFO: data_ingestion: File already exists]
[2026-05-19 02:03:17,103: INFO: data_ingestion_pipeline: >>>>>>> stage Data Ingestion Stage completed <<<<<<<

x==========x]
[2026-05-19 02:03:17,103: INFO: main: >>>>>>> stage Data Ingestion Stage completed <<<<<<<

x==========x]
[2026-05-19 02:03:17,103: INFO: main: >>>>>>> stage Data Validation Stage started <<<<<<<]
[2026-05-19 02:03:17,106: INFO: common: yaml file: config\config.yaml loaded successfully]
[2026-05-19 02:03:17,107: INFO: common: yaml file: params.yaml loaded successfully]
[2026-05-19 02:03:17,109: INFO: common: yaml file: schema.yaml loaded successfully]
[2026-05-19 02:03:17,109: INFO: common: created directory at: artifacts]
[2026-05-19 02:03:17,109: INFO: common: created directory at: artifacts/data_validation]
[2026-05-19 02:03:17,117: INFO: data_validation: Column validation successful! All expected columns are present.]
[2026-05-19 02:03:17,118: INFO: main: >>>>>>> stage Data Validation Stage completed <<<<<<<

x==========x]
[2026-05-19 02:03:17,118: INFO: main: >>>>>>> stage Data Transformation Stage started <<<<<<<]
[2026-05-19 02:03:17,121: INFO: common: yaml file: config\config.yaml loaded successfully]
[2026-05-19 02:03:17,122: INFO: common: yaml file: params.yaml loaded successfully]
[2026-05-19 02:03:17,123: INFO: common: yaml file: schema.yaml loaded successfully]
[2026-05-19 02:03:17,124: INFO: common: created directory at: artifacts]
[2026-05-19 02:03:17,124: INFO: common: created directory at: artifacts/data_transformation]
[2026-05-19 02:03:17,169: ERROR: data_transformation: 'Gpu']
Traceback (most recent call last):
  File "E:\PROJECT\lap price pred\venv\lib\site-packages\pandas\core\indexes\base.py", line 3812, in get_loc
    return self._engine.get_loc(casted_key)
  File "pandas/_libs/index.pyx", line 167, in pandas._libs.index.IndexEngine.get_loc
  File "pandas/_libs/index.pyx", line 196, in pandas._libs.index.IndexEngine.get_loc
  File "pandas/_libs/hashtable_class_helper.pxi", line 7088, in pandas._libs.hashtable.PyObjectHashTable.get_item
  File "pandas/_libs/hashtable_class_helper.pxi", line 7096, in pandas._libs.hashtable.PyObjectHashTable.get_item
KeyError: 'Gpu'

The above exception was the direct cause of the following exception:

Traceback (most recent call last):
  File "E:\PROJECT\lap price pred\src\laptop_price_prediction\components\data_transformation.py", line 182, in transform_data
    data['gpu_rank'] = data['Gpu'].apply(gpu_rank)
  File "E:\PROJECT\lap price pred\venv\lib\site-packages\pandas\core\frame.py", line 4113, in __getitem__
    indexer = self.columns.get_loc(key)
  File "E:\PROJECT\lap price pred\venv\lib\site-packages\pandas\core\indexes\base.py", line 3819, in get_loc
    raise KeyError(key) from err
KeyError: 'Gpu'
[2026-05-19 02:03:17,191: ERROR: data_transformation_pipeline: 'Gpu']
Traceback (most recent call last):
  File "E:\PROJECT\lap price pred\venv\lib\site-packages\pandas\core\indexes\base.py", line 3812, in get_loc
    return self._engine.get_loc(casted_key)
  File "pandas/_libs/index.pyx", line 167, in pandas._libs.index.IndexEngine.get_loc
  File "pandas/_libs/index.pyx", line 196, in pandas._libs.index.IndexEngine.get_loc
  File "pandas/_libs/hashtable_class_helper.pxi", line 7088, in pandas._libs.hashtable.PyObjectHashTable.get_item
  File "pandas/_libs/hashtable_class_helper.pxi", line 7096, in pandas._libs.hashtable.PyObjectHashTable.get_item
KeyError: 'Gpu'

The above exception was the direct cause of the following exception:

Traceback (most recent call last):
  File "E:\PROJECT\lap price pred\src\laptop_price_prediction\pipeline\data_transformation_pipeline.py", line 23, in InitiateDataTransformationPipeline
    data_transformation.transform_data()
  File "E:\PROJECT\lap price pred\src\laptop_price_prediction\components\data_transformation.py", line 219, in transform_data
    raise e
  File "E:\PROJECT\lap price pred\src\laptop_price_prediction\components\data_transformation.py", line 182, in transform_data
    data['gpu_rank'] = data['Gpu'].apply(gpu_rank)
  File "E:\PROJECT\lap price pred\venv\lib\site-packages\pandas\core\frame.py", line 4113, in __getitem__
    indexer = self.columns.get_loc(key)
  File "E:\PROJECT\lap price pred\venv\lib\site-packages\pandas\core\indexes\base.py", line 3819, in get_loc
    raise KeyError(key) from err
KeyError: 'Gpu'
[2026-05-19 02:03:17,192: ERROR: main: 'Gpu']
Traceback (most recent call last):
  File "E:\PROJECT\lap price pred\venv\lib\site-packages\pandas\core\indexes\base.py", line 3812, in get_loc
    return self._engine.get_loc(casted_key)
  File "pandas/_libs/index.pyx", line 167, in pandas._libs.index.IndexEngine.get_loc
  File "pandas/_libs/index.pyx", line 196, in pandas._libs.index.IndexEngine.get_loc
  File "pandas/_libs/hashtable_class_helper.pxi", line 7088, in pandas._libs.hashtable.PyObjectHashTable.get_item
  File "pandas/_libs/hashtable_class_helper.pxi", line 7096, in pandas._libs.hashtable.PyObjectHashTable.get_item
KeyError: 'Gpu'

The above exception was the direct cause of the following exception:

Traceback (most recent call last):
  File "E:\PROJECT\lap price pred\main.py", line 31, in <module>
    obj.InitiateDataTransformationPipeline()
  File "E:\PROJECT\lap price pred\src\laptop_price_prediction\pipeline\data_transformation_pipeline.py", line 32, in InitiateDataTransformationPipeline
    raise e
  File "E:\PROJECT\lap price pred\src\laptop_price_prediction\pipeline\data_transformation_pipeline.py", line 23, in InitiateDataTransformationPipeline
    data_transformation.transform_data()
  File "E:\PROJECT\lap price pred\src\laptop_price_prediction\components\data_transformation.py", line 219, in transform_data
    raise e
  File "E:\PROJECT\lap price pred\src\laptop_price_prediction\components\data_transformation.py", line 182, in transform_data
    data['gpu_rank'] = data['Gpu'].apply(gpu_rank)
  File "E:\PROJECT\lap price pred\venv\lib\site-packages\pandas\core\frame.py", line 4113, in __getitem__
    indexer = self.columns.get_loc(key)
  File "E:\PROJECT\lap price pred\venv\lib\site-packages\pandas\core\indexes\base.py", line 3819, in get_loc
    raise KeyError(key) from err
KeyError: 'Gpu'
[2026-05-19 02:08:50,661: INFO: main: >>>>>>> stage Data Ingestion Stage started <<<<<<<]
[2026-05-19 02:08:50,664: INFO: common: yaml file: config\config.yaml loaded successfully]
[2026-05-19 02:08:50,665: INFO: common: yaml file: params.yaml loaded successfully]
[2026-05-19 02:08:50,667: INFO: common: yaml file: schema.yaml loaded successfully]
[2026-05-19 02:08:50,667: INFO: common: created directory at: artifacts]
[2026-05-19 02:08:50,668: INFO: common: created directory at: artifacts/data_ingestion]
[2026-05-19 02:08:50,668: INFO: data_ingestion: File already exists]
[2026-05-19 02:08:50,668: INFO: data_ingestion_pipeline: >>>>>>> stage Data Ingestion Stage completed <<<<<<<

x==========x]
[2026-05-19 02:08:50,668: INFO: main: >>>>>>> stage Data Ingestion Stage completed <<<<<<<

x==========x]
[2026-05-19 02:08:50,668: INFO: main: >>>>>>> stage Data Validation Stage started <<<<<<<]
[2026-05-19 02:08:50,671: INFO: common: yaml file: config\config.yaml loaded successfully]
[2026-05-19 02:08:50,672: INFO: common: yaml file: params.yaml loaded successfully]
[2026-05-19 02:08:50,674: INFO: common: yaml file: schema.yaml loaded successfully]
[2026-05-19 02:08:50,674: INFO: common: created directory at: artifacts]
[2026-05-19 02:08:50,675: INFO: common: created directory at: artifacts/data_validation]
[2026-05-19 02:08:50,682: INFO: data_validation: Column validation successful! All expected columns are present.]
[2026-05-19 02:08:50,683: INFO: main: >>>>>>> stage Data Validation Stage completed <<<<<<<

x==========x]
[2026-05-19 02:08:50,683: INFO: main: >>>>>>> stage Data Transformation Stage started <<<<<<<]
[2026-05-19 02:08:50,686: INFO: common: yaml file: config\config.yaml loaded successfully]
[2026-05-19 02:08:50,687: INFO: common: yaml file: params.yaml loaded successfully]
[2026-05-19 02:08:50,689: INFO: common: yaml file: schema.yaml loaded successfully]
[2026-05-19 02:08:50,689: INFO: common: created directory at: artifacts]
[2026-05-19 02:08:50,689: INFO: common: created directory at: artifacts/data_transformation]
[2026-05-19 02:08:50,741: ERROR: data_transformation: "None of [Index(['company', 'typename'], dtype='object')] are in the [columns]"]
Traceback (most recent call last):
  File "E:\PROJECT\lap price pred\src\laptop_price_prediction\components\data_transformation.py", line 186, in transform_data
    data = pd.get_dummies(data,columns=["company","typename"])
  File "E:\PROJECT\lap price pred\venv\lib\site-packages\pandas\core\reshape\encoding.py", line 170, in get_dummies
    data_to_encode = data[columns]
  File "E:\PROJECT\lap price pred\venv\lib\site-packages\pandas\core\frame.py", line 4119, in __getitem__
    indexer = self.columns._get_indexer_strict(key, "columns")[1]
  File "E:\PROJECT\lap price pred\venv\lib\site-packages\pandas\core\indexes\base.py", line 6212, in _get_indexer_strict
    self._raise_if_missing(keyarr, indexer, axis_name)
  File "E:\PROJECT\lap price pred\venv\lib\site-packages\pandas\core\indexes\base.py", line 6261, in _raise_if_missing
    raise KeyError(f"None of [{key}] are in the [{axis_name}]")
KeyError: "None of [Index(['company', 'typename'], dtype='object')] are in the [columns]"
[2026-05-19 02:08:50,757: ERROR: data_transformation_pipeline: "None of [Index(['company', 'typename'], dtype='object')] are in the [columns]"]
Traceback (most recent call last):
  File "E:\PROJECT\lap price pred\src\laptop_price_prediction\pipeline\data_transformation_pipeline.py", line 23, in InitiateDataTransformationPipeline
    data_transformation.transform_data()
  File "E:\PROJECT\lap price pred\src\laptop_price_prediction\components\data_transformation.py", line 219, in transform_data
    raise e
  File "E:\PROJECT\lap price pred\src\laptop_price_prediction\components\data_transformation.py", line 186, in transform_data
    data = pd.get_dummies(data,columns=["company","typename"])
  File "E:\PROJECT\lap price pred\venv\lib\site-packages\pandas\core\reshape\encoding.py", line 170, in get_dummies
    data_to_encode = data[columns]
  File "E:\PROJECT\lap price pred\venv\lib\site-packages\pandas\core\frame.py", line 4119, in __getitem__
    indexer = self.columns._get_indexer_strict(key, "columns")[1]
  File "E:\PROJECT\lap price pred\venv\lib\site-packages\pandas\core\indexes\base.py", line 6212, in _get_indexer_strict
    self._raise_if_missing(keyarr, indexer, axis_name)
  File "E:\PROJECT\lap price pred\venv\lib\site-packages\pandas\core\indexes\base.py", line 6261, in _raise_if_missing
    raise KeyError(f"None of [{key}] are in the [{axis_name}]")
KeyError: "None of [Index(['company', 'typename'], dtype='object')] are in the [columns]"
[2026-05-19 02:08:50,758: ERROR: main: "None of [Index(['company', 'typename'], dtype='object')] are in the [columns]"]
Traceback (most recent call last):
  File "E:\PROJECT\lap price pred\main.py", line 31, in <module>
    obj.InitiateDataTransformationPipeline()
  File "E:\PROJECT\lap price pred\src\laptop_price_prediction\pipeline\data_transformation_pipeline.py", line 32, in InitiateDataTransformationPipeline
    raise e
  File "E:\PROJECT\lap price pred\src\laptop_price_prediction\pipeline\data_transformation_pipeline.py", line 23, in InitiateDataTransformationPipeline
    data_transformation.transform_data()
  File "E:\PROJECT\lap price pred\src\laptop_price_prediction\components\data_transformation.py", line 219, in transform_data
    raise e
  File "E:\PROJECT\lap price pred\src\laptop_price_prediction\components\data_transformation.py", line 186, in transform_data
    data = pd.get_dummies(data,columns=["company","typename"])
  File "E:\PROJECT\lap price pred\venv\lib\site-packages\pandas\core\reshape\encoding.py", line 170, in get_dummies
    data_to_encode = data[columns]
  File "E:\PROJECT\lap price pred\venv\lib\site-packages\pandas\core\frame.py", line 4119, in __getitem__
    indexer = self.columns._get_indexer_strict(key, "columns")[1]
  File "E:\PROJECT\lap price pred\venv\lib\site-packages\pandas\core\indexes\base.py", line 6212, in _get_indexer_strict
    self._raise_if_missing(keyarr, indexer, axis_name)
  File "E:\PROJECT\lap price pred\venv\lib\site-packages\pandas\core\indexes\base.py", line 6261, in _raise_if_missing
    raise KeyError(f"None of [{key}] are in the [{axis_name}]")
KeyError: "None of [Index(['company', 'typename'], dtype='object')] are in the [columns]"
[2026-05-19 02:10:19,206: INFO: main: >>>>>>> stage Data Ingestion Stage started <<<<<<<]
[2026-05-19 02:10:19,209: INFO: common: yaml file: config\config.yaml loaded successfully]
[2026-05-19 02:10:19,209: INFO: common: yaml file: params.yaml loaded successfully]
[2026-05-19 02:10:19,212: INFO: common: yaml file: schema.yaml loaded successfully]
[2026-05-19 02:10:19,213: INFO: common: created directory at: artifacts]
[2026-05-19 02:10:19,213: INFO: common: created directory at: artifacts/data_ingestion]
[2026-05-19 02:10:19,213: INFO: data_ingestion: File already exists]
[2026-05-19 02:10:19,214: INFO: data_ingestion_pipeline: >>>>>>> stage Data Ingestion Stage completed <<<<<<<

x==========x]
[2026-05-19 02:10:19,214: INFO: main: >>>>>>> stage Data Ingestion Stage completed <<<<<<<

x==========x]
[2026-05-19 02:10:19,214: INFO: main: >>>>>>> stage Data Validation Stage started <<<<<<<]
[2026-05-19 02:10:19,218: INFO: common: yaml file: config\config.yaml loaded successfully]
[2026-05-19 02:10:19,218: INFO: common: yaml file: params.yaml loaded successfully]
[2026-05-19 02:10:19,220: INFO: common: yaml file: schema.yaml loaded successfully]
[2026-05-19 02:10:19,221: INFO: common: created directory at: artifacts]
[2026-05-19 02:10:19,221: INFO: common: created directory at: artifacts/data_validation]
[2026-05-19 02:10:19,228: INFO: data_validation: Column validation successful! All expected columns are present.]
[2026-05-19 02:10:19,229: INFO: main: >>>>>>> stage Data Validation Stage completed <<<<<<<

x==========x]
[2026-05-19 02:10:19,229: INFO: main: >>>>>>> stage Data Transformation Stage started <<<<<<<]
[2026-05-19 02:10:19,232: INFO: common: yaml file: config\config.yaml loaded successfully]
[2026-05-19 02:10:19,233: INFO: common: yaml file: params.yaml loaded successfully]
[2026-05-19 02:10:19,235: INFO: common: yaml file: schema.yaml loaded successfully]
[2026-05-19 02:10:19,235: INFO: common: created directory at: artifacts]
[2026-05-19 02:10:19,236: INFO: common: created directory at: artifacts/data_transformation]
[2026-05-19 02:10:19,287: INFO: data_transformation: Data transformation successful!]
[2026-05-19 02:10:19,327: INFO: data_transformation: Data split successful!]
[2026-05-19 02:10:19,327: INFO: main: >>>>>>> stage Data Transformation Stage completed <<<<<<<

x==========x]
[2026-05-19 02:15:07,229: INFO: main: >>>>>>> stage Data Ingestion Stage started <<<<<<<]
[2026-05-19 02:15:07,232: INFO: common: yaml file: config\config.yaml loaded successfully]
[2026-05-19 02:15:07,233: INFO: common: yaml file: params.yaml loaded successfully]
[2026-05-19 02:15:07,235: INFO: common: yaml file: schema.yaml loaded successfully]
[2026-05-19 02:15:07,235: INFO: common: created directory at: artifacts]
[2026-05-19 02:15:07,236: INFO: common: created directory at: artifacts/data_ingestion]
[2026-05-19 02:15:07,236: INFO: data_ingestion: File already exists]
[2026-05-19 02:15:07,236: INFO: data_ingestion_pipeline: >>>>>>> stage Data Ingestion Stage completed <<<<<<<

x==========x]
[2026-05-19 02:15:07,236: INFO: main: >>>>>>> stage Data Ingestion Stage completed <<<<<<<

x==========x]
[2026-05-19 02:15:07,236: INFO: main: >>>>>>> stage Data Validation Stage started <<<<<<<]
[2026-05-19 02:15:07,240: INFO: common: yaml file: config\config.yaml loaded successfully]
[2026-05-19 02:15:07,241: INFO: common: yaml file: params.yaml loaded successfully]
[2026-05-19 02:15:07,243: INFO: common: yaml file: schema.yaml loaded successfully]
[2026-05-19 02:15:07,243: INFO: common: created directory at: artifacts]
[2026-05-19 02:15:07,244: INFO: common: created directory at: artifacts/data_validation]
[2026-05-19 02:15:07,250: INFO: data_validation: Column validation successful! All expected columns are present.]
[2026-05-19 02:15:07,251: INFO: main: >>>>>>> stage Data Validation Stage completed <<<<<<<

x==========x]
[2026-05-19 02:15:07,251: INFO: main: >>>>>>> stage Data Transformation Stage started <<<<<<<]
[2026-05-19 02:15:07,255: INFO: common: yaml file: config\config.yaml loaded successfully]
[2026-05-19 02:15:07,255: INFO: common: yaml file: params.yaml loaded successfully]
[2026-05-19 02:15:07,257: INFO: common: yaml file: schema.yaml loaded successfully]
[2026-05-19 02:15:07,258: INFO: common: created directory at: artifacts]
[2026-05-19 02:15:07,258: INFO: common: created directory at: artifacts/data_transformation]
[2026-05-19 02:15:07,308: INFO: data_transformation: Data transformation successful!]
[2026-05-19 02:15:07,355: INFO: data_transformation: Data transformation successful!]
[2026-05-19 02:15:07,377: INFO: data_transformation: Data split successful!]
[2026-05-19 02:15:07,377: INFO: main: >>>>>>> stage Data Transformation Stage completed <<<<<<<

x==========x]
[2026-05-19 02:22:19,408: INFO: main: >>>>>>> stage Data Ingestion Stage started <<<<<<<]
[2026-05-19 02:22:19,411: INFO: common: yaml file: config\config.yaml loaded successfully]
[2026-05-19 02:22:19,411: INFO: common: yaml file: params.yaml loaded successfully]
[2026-05-19 02:22:19,413: INFO: common: yaml file: schema.yaml loaded successfully]
[2026-05-19 02:22:19,414: INFO: common: created directory at: artifacts]
[2026-05-19 02:22:19,414: INFO: common: created directory at: artifacts/data_ingestion]
[2026-05-19 02:22:20,178: INFO: data_ingestion: artifacts/data_ingestion/data.csv download! with following info: 
Access-Control-Allow-Origin: https://render.githubusercontent.com
content-disposition: attachment; filename=datasets-main.zip
Content-Security-Policy: default-src 'none'; style-src 'unsafe-inline'; sandbox
Content-Type: application/zip
cross-origin-resource-policy: cross-origin
ETag: "de84c1db40485c25e50b8b9eb0b8a35d45091a21cf556292f3de0f143561abc3"
Strict-Transport-Security: max-age=31536000
Vary: Authorization,Accept-Encoding
X-Content-Type-Options: nosniff
X-Frame-Options: deny
X-XSS-Protection: 1; mode=block
Date: Mon, 18 May 2026 20:52:27 GMT
Transfer-Encoding: chunked
X-GitHub-Request-Id: 2BA9:332A53:1E03:13F28:6A0B7C0B
connection: close

]
[2026-05-19 02:22:20,180: INFO: data_ingestion_pipeline: >>>>>>> stage Data Ingestion Stage completed <<<<<<<

x==========x]
[2026-05-19 02:22:20,180: INFO: main: >>>>>>> stage Data Ingestion Stage completed <<<<<<<

x==========x]
[2026-05-19 02:22:20,180: INFO: main: >>>>>>> stage Data Validation Stage started <<<<<<<]
[2026-05-19 02:22:20,183: INFO: common: yaml file: config\config.yaml loaded successfully]
[2026-05-19 02:22:20,184: INFO: common: yaml file: params.yaml loaded successfully]
[2026-05-19 02:22:20,186: INFO: common: yaml file: schema.yaml loaded successfully]
[2026-05-19 02:22:20,186: INFO: common: created directory at: artifacts]
[2026-05-19 02:22:20,186: INFO: common: created directory at: artifacts/data_validation]
[2026-05-19 02:22:20,188: ERROR: data_validation: 'utf-8' codec can't decode byte 0xb2 in position 12: invalid start byte]
Traceback (most recent call last):
  File "E:\PROJECT\lap price pred\src\laptop_price_prediction\components\data_validation.py", line 17, in validate_data
    data = pd.read_csv(self.config.unzip_data_dir)
  File "E:\PROJECT\lap price pred\venv\lib\site-packages\pandas\io\parsers\readers.py", line 1026, in read_csv
    return _read(filepath_or_buffer, kwds)
  File "E:\PROJECT\lap price pred\venv\lib\site-packages\pandas\io\parsers\readers.py", line 620, in _read
    parser = TextFileReader(filepath_or_buffer, **kwds)
  File "E:\PROJECT\lap price pred\venv\lib\site-packages\pandas\io\parsers\readers.py", line 1620, in __init__
    self._engine = self._make_engine(f, self.engine)
  File "E:\PROJECT\lap price pred\venv\lib\site-packages\pandas\io\parsers\readers.py", line 1898, in _make_engine
    return mapping[engine](f, **self.options)
  File "E:\PROJECT\lap price pred\venv\lib\site-packages\pandas\io\parsers\c_parser_wrapper.py", line 93, in __init__
    self._reader = parsers.TextReader(src, **kwds)
  File "pandas/_libs/parsers.pyx", line 574, in pandas._libs.parsers.TextReader.__cinit__
  File "pandas/_libs/parsers.pyx", line 663, in pandas._libs.parsers.TextReader._get_header
  File "pandas/_libs/parsers.pyx", line 874, in pandas._libs.parsers.TextReader._tokenize_rows
  File "pandas/_libs/parsers.pyx", line 891, in pandas._libs.parsers.TextReader._check_tokenize_status
  File "pandas/_libs/parsers.pyx", line 2053, in pandas._libs.parsers.raise_parser_error
UnicodeDecodeError: 'utf-8' codec can't decode byte 0xb2 in position 12: invalid start byte
[2026-05-19 02:22:20,202: INFO: main: >>>>>>> stage Data Validation Stage completed <<<<<<<

x==========x]
[2026-05-19 02:22:20,202: INFO: main: >>>>>>> stage Data Transformation Stage started <<<<<<<]
[2026-05-19 02:22:20,205: INFO: common: yaml file: config\config.yaml loaded successfully]
[2026-05-19 02:22:20,206: INFO: common: yaml file: params.yaml loaded successfully]
[2026-05-19 02:22:20,208: INFO: common: yaml file: schema.yaml loaded successfully]
[2026-05-19 02:22:20,208: INFO: common: created directory at: artifacts]
[2026-05-19 02:22:20,209: INFO: common: created directory at: artifacts/data_transformation]
[2026-05-19 02:22:20,209: ERROR: data_transformation: 'utf-8' codec can't decode byte 0xb2 in position 12: invalid start byte]
Traceback (most recent call last):
  File "E:\PROJECT\lap price pred\src\laptop_price_prediction\components\data_transformation.py", line 15, in transform_data
    data = pd.read_csv(self.config.data_path)
  File "E:\PROJECT\lap price pred\venv\lib\site-packages\pandas\io\parsers\readers.py", line 1026, in read_csv
    return _read(filepath_or_buffer, kwds)
  File "E:\PROJECT\lap price pred\venv\lib\site-packages\pandas\io\parsers\readers.py", line 620, in _read
    parser = TextFileReader(filepath_or_buffer, **kwds)
  File "E:\PROJECT\lap price pred\venv\lib\site-packages\pandas\io\parsers\readers.py", line 1620, in __init__
    self._engine = self._make_engine(f, self.engine)
  File "E:\PROJECT\lap price pred\venv\lib\site-packages\pandas\io\parsers\readers.py", line 1898, in _make_engine
    return mapping[engine](f, **self.options)
  File "E:\PROJECT\lap price pred\venv\lib\site-packages\pandas\io\parsers\c_parser_wrapper.py", line 93, in __init__
    self._reader = parsers.TextReader(src, **kwds)
  File "pandas/_libs/parsers.pyx", line 574, in pandas._libs.parsers.TextReader.__cinit__
  File "pandas/_libs/parsers.pyx", line 663, in pandas._libs.parsers.TextReader._get_header
  File "pandas/_libs/parsers.pyx", line 874, in pandas._libs.parsers.TextReader._tokenize_rows
  File "pandas/_libs/parsers.pyx", line 891, in pandas._libs.parsers.TextReader._check_tokenize_status
  File "pandas/_libs/parsers.pyx", line 2053, in pandas._libs.parsers.raise_parser_error
UnicodeDecodeError: 'utf-8' codec can't decode byte 0xb2 in position 12: invalid start byte
[2026-05-19 02:22:20,209: ERROR: data_transformation_pipeline: 'utf-8' codec can't decode byte 0xb2 in position 12: invalid start byte]
Traceback (most recent call last):
  File "E:\PROJECT\lap price pred\src\laptop_price_prediction\pipeline\data_transformation_pipeline.py", line 23, in InitiateDataTransformationPipeline
    data_transformation.transform_data()
  File "E:\PROJECT\lap price pred\src\laptop_price_prediction\components\data_transformation.py", line 220, in transform_data
    raise e
  File "E:\PROJECT\lap price pred\src\laptop_price_prediction\components\data_transformation.py", line 15, in transform_data
    data = pd.read_csv(self.config.data_path)
  File "E:\PROJECT\lap price pred\venv\lib\site-packages\pandas\io\parsers\readers.py", line 1026, in read_csv
    return _read(filepath_or_buffer, kwds)
  File "E:\PROJECT\lap price pred\venv\lib\site-packages\pandas\io\parsers\readers.py", line 620, in _read
    parser = TextFileReader(filepath_or_buffer, **kwds)
  File "E:\PROJECT\lap price pred\venv\lib\site-packages\pandas\io\parsers\readers.py", line 1620, in __init__
    self._engine = self._make_engine(f, self.engine)
  File "E:\PROJECT\lap price pred\venv\lib\site-packages\pandas\io\parsers\readers.py", line 1898, in _make_engine
    return mapping[engine](f, **self.options)
  File "E:\PROJECT\lap price pred\venv\lib\site-packages\pandas\io\parsers\c_parser_wrapper.py", line 93, in __init__
    self._reader = parsers.TextReader(src, **kwds)
  File "pandas/_libs/parsers.pyx", line 574, in pandas._libs.parsers.TextReader.__cinit__
  File "pandas/_libs/parsers.pyx", line 663, in pandas._libs.parsers.TextReader._get_header
  File "pandas/_libs/parsers.pyx", line 874, in pandas._libs.parsers.TextReader._tokenize_rows
  File "pandas/_libs/parsers.pyx", line 891, in pandas._libs.parsers.TextReader._check_tokenize_status
  File "pandas/_libs/parsers.pyx", line 2053, in pandas._libs.parsers.raise_parser_error
UnicodeDecodeError: 'utf-8' codec can't decode byte 0xb2 in position 12: invalid start byte
[2026-05-19 02:22:20,211: ERROR: main: 'utf-8' codec can't decode byte 0xb2 in position 12: invalid start byte]
Traceback (most recent call last):
  File "E:\PROJECT\lap price pred\main.py", line 31, in <module>
    obj.InitiateDataTransformationPipeline()
  File "E:\PROJECT\lap price pred\src\laptop_price_prediction\pipeline\data_transformation_pipeline.py", line 33, in InitiateDataTransformationPipeline
    raise e
  File "E:\PROJECT\lap price pred\src\laptop_price_prediction\pipeline\data_transformation_pipeline.py", line 23, in InitiateDataTransformationPipeline
    data_transformation.transform_data()
  File "E:\PROJECT\lap price pred\src\laptop_price_prediction\components\data_transformation.py", line 220, in transform_data
    raise e
  File "E:\PROJECT\lap price pred\src\laptop_price_prediction\components\data_transformation.py", line 15, in transform_data
    data = pd.read_csv(self.config.data_path)
  File "E:\PROJECT\lap price pred\venv\lib\site-packages\pandas\io\parsers\readers.py", line 1026, in read_csv
    return _read(filepath_or_buffer, kwds)
  File "E:\PROJECT\lap price pred\venv\lib\site-packages\pandas\io\parsers\readers.py", line 620, in _read
    parser = TextFileReader(filepath_or_buffer, **kwds)
  File "E:\PROJECT\lap price pred\venv\lib\site-packages\pandas\io\parsers\readers.py", line 1620, in __init__
    self._engine = self._make_engine(f, self.engine)
  File "E:\PROJECT\lap price pred\venv\lib\site-packages\pandas\io\parsers\readers.py", line 1898, in _make_engine
    return mapping[engine](f, **self.options)
  File "E:\PROJECT\lap price pred\venv\lib\site-packages\pandas\io\parsers\c_parser_wrapper.py", line 93, in __init__
    self._reader = parsers.TextReader(src, **kwds)
  File "pandas/_libs/parsers.pyx", line 574, in pandas._libs.parsers.TextReader.__cinit__
  File "pandas/_libs/parsers.pyx", line 663, in pandas._libs.parsers.TextReader._get_header
  File "pandas/_libs/parsers.pyx", line 874, in pandas._libs.parsers.TextReader._tokenize_rows
  File "pandas/_libs/parsers.pyx", line 891, in pandas._libs.parsers.TextReader._check_tokenize_status
  File "pandas/_libs/parsers.pyx", line 2053, in pandas._libs.parsers.raise_parser_error
UnicodeDecodeError: 'utf-8' codec can't decode byte 0xb2 in position 12: invalid start byte
[2026-05-19 02:23:00,403: INFO: main: >>>>>>> stage Data Ingestion Stage started <<<<<<<]
[2026-05-19 02:23:00,406: INFO: common: yaml file: config\config.yaml loaded successfully]
[2026-05-19 02:23:00,407: INFO: common: yaml file: params.yaml loaded successfully]
[2026-05-19 02:23:00,409: INFO: common: yaml file: schema.yaml loaded successfully]
[2026-05-19 02:23:00,409: INFO: common: created directory at: artifacts]
[2026-05-19 02:23:00,410: INFO: common: created directory at: artifacts/data_ingestion]
[2026-05-19 02:23:00,410: INFO: data_ingestion: File already exists]
[2026-05-19 02:23:00,414: INFO: data_ingestion_pipeline: >>>>>>> stage Data Ingestion Stage completed <<<<<<<

x==========x]
[2026-05-19 02:23:00,415: INFO: main: >>>>>>> stage Data Ingestion Stage completed <<<<<<<

x==========x]
[2026-05-19 02:23:00,415: INFO: main: >>>>>>> stage Data Validation Stage started <<<<<<<]
[2026-05-19 02:23:00,419: INFO: common: yaml file: config\config.yaml loaded successfully]
[2026-05-19 02:23:00,419: INFO: common: yaml file: params.yaml loaded successfully]
[2026-05-19 02:23:00,421: INFO: common: yaml file: schema.yaml loaded successfully]
[2026-05-19 02:23:00,422: INFO: common: created directory at: artifacts]
[2026-05-19 02:23:00,422: INFO: common: created directory at: artifacts/data_validation]
[2026-05-19 02:23:00,424: ERROR: data_validation: 'utf-8' codec can't decode byte 0xb2 in position 12: invalid start byte]
Traceback (most recent call last):
  File "E:\PROJECT\lap price pred\src\laptop_price_prediction\components\data_validation.py", line 17, in validate_data
    data = pd.read_csv(self.config.unzip_data_dir)
  File "E:\PROJECT\lap price pred\venv\lib\site-packages\pandas\io\parsers\readers.py", line 1026, in read_csv
    return _read(filepath_or_buffer, kwds)
  File "E:\PROJECT\lap price pred\venv\lib\site-packages\pandas\io\parsers\readers.py", line 620, in _read
    parser = TextFileReader(filepath_or_buffer, **kwds)
  File "E:\PROJECT\lap price pred\venv\lib\site-packages\pandas\io\parsers\readers.py", line 1620, in __init__
    self._engine = self._make_engine(f, self.engine)
  File "E:\PROJECT\lap price pred\venv\lib\site-packages\pandas\io\parsers\readers.py", line 1898, in _make_engine
    return mapping[engine](f, **self.options)
  File "E:\PROJECT\lap price pred\venv\lib\site-packages\pandas\io\parsers\c_parser_wrapper.py", line 93, in __init__
    self._reader = parsers.TextReader(src, **kwds)
  File "pandas/_libs/parsers.pyx", line 574, in pandas._libs.parsers.TextReader.__cinit__
  File "pandas/_libs/parsers.pyx", line 663, in pandas._libs.parsers.TextReader._get_header
  File "pandas/_libs/parsers.pyx", line 874, in pandas._libs.parsers.TextReader._tokenize_rows
  File "pandas/_libs/parsers.pyx", line 891, in pandas._libs.parsers.TextReader._check_tokenize_status
  File "pandas/_libs/parsers.pyx", line 2053, in pandas._libs.parsers.raise_parser_error
UnicodeDecodeError: 'utf-8' codec can't decode byte 0xb2 in position 12: invalid start byte
[2026-05-19 02:23:00,425: INFO: main: >>>>>>> stage Data Validation Stage completed <<<<<<<

x==========x]
[2026-05-19 02:23:00,425: INFO: main: >>>>>>> stage Data Transformation Stage started <<<<<<<]
[2026-05-19 02:23:00,431: INFO: common: yaml file: config\config.yaml loaded successfully]
[2026-05-19 02:23:00,431: INFO: common: yaml file: params.yaml loaded successfully]
[2026-05-19 02:23:00,434: INFO: common: yaml file: schema.yaml loaded successfully]
[2026-05-19 02:23:00,435: INFO: common: created directory at: artifacts]
[2026-05-19 02:23:00,435: INFO: common: created directory at: artifacts/data_transformation]
[2026-05-19 02:23:00,436: ERROR: data_transformation: 'utf-8' codec can't decode byte 0xb2 in position 12: invalid start byte]
Traceback (most recent call last):
  File "E:\PROJECT\lap price pred\src\laptop_price_prediction\components\data_transformation.py", line 15, in transform_data
    data = pd.read_csv(self.config.data_path)
  File "E:\PROJECT\lap price pred\venv\lib\site-packages\pandas\io\parsers\readers.py", line 1026, in read_csv
    return _read(filepath_or_buffer, kwds)
  File "E:\PROJECT\lap price pred\venv\lib\site-packages\pandas\io\parsers\readers.py", line 620, in _read
    parser = TextFileReader(filepath_or_buffer, **kwds)
  File "E:\PROJECT\lap price pred\venv\lib\site-packages\pandas\io\parsers\readers.py", line 1620, in __init__
    self._engine = self._make_engine(f, self.engine)
  File "E:\PROJECT\lap price pred\venv\lib\site-packages\pandas\io\parsers\readers.py", line 1898, in _make_engine
    return mapping[engine](f, **self.options)
  File "E:\PROJECT\lap price pred\venv\lib\site-packages\pandas\io\parsers\c_parser_wrapper.py", line 93, in __init__
    self._reader = parsers.TextReader(src, **kwds)
  File "pandas/_libs/parsers.pyx", line 574, in pandas._libs.parsers.TextReader.__cinit__
  File "pandas/_libs/parsers.pyx", line 663, in pandas._libs.parsers.TextReader._get_header
  File "pandas/_libs/parsers.pyx", line 874, in pandas._libs.parsers.TextReader._tokenize_rows
  File "pandas/_libs/parsers.pyx", line 891, in pandas._libs.parsers.TextReader._check_tokenize_status
  File "pandas/_libs/parsers.pyx", line 2053, in pandas._libs.parsers.raise_parser_error
UnicodeDecodeError: 'utf-8' codec can't decode byte 0xb2 in position 12: invalid start byte
[2026-05-19 02:23:00,436: ERROR: data_transformation_pipeline: 'utf-8' codec can't decode byte 0xb2 in position 12: invalid start byte]
Traceback (most recent call last):
  File "E:\PROJECT\lap price pred\src\laptop_price_prediction\pipeline\data_transformation_pipeline.py", line 23, in InitiateDataTransformationPipeline
    data_transformation.transform_data()
  File "E:\PROJECT\lap price pred\src\laptop_price_prediction\components\data_transformation.py", line 220, in transform_data
    raise e
  File "E:\PROJECT\lap price pred\src\laptop_price_prediction\components\data_transformation.py", line 15, in transform_data
    data = pd.read_csv(self.config.data_path)
  File "E:\PROJECT\lap price pred\venv\lib\site-packages\pandas\io\parsers\readers.py", line 1026, in read_csv
    return _read(filepath_or_buffer, kwds)
  File "E:\PROJECT\lap price pred\venv\lib\site-packages\pandas\io\parsers\readers.py", line 620, in _read
    parser = TextFileReader(filepath_or_buffer, **kwds)
  File "E:\PROJECT\lap price pred\venv\lib\site-packages\pandas\io\parsers\readers.py", line 1620, in __init__
    self._engine = self._make_engine(f, self.engine)
  File "E:\PROJECT\lap price pred\venv\lib\site-packages\pandas\io\parsers\readers.py", line 1898, in _make_engine
    return mapping[engine](f, **self.options)
  File "E:\PROJECT\lap price pred\venv\lib\site-packages\pandas\io\parsers\c_parser_wrapper.py", line 93, in __init__
    self._reader = parsers.TextReader(src, **kwds)
  File "pandas/_libs/parsers.pyx", line 574, in pandas._libs.parsers.TextReader.__cinit__
  File "pandas/_libs/parsers.pyx", line 663, in pandas._libs.parsers.TextReader._get_header
  File "pandas/_libs/parsers.pyx", line 874, in pandas._libs.parsers.TextReader._tokenize_rows
  File "pandas/_libs/parsers.pyx", line 891, in pandas._libs.parsers.TextReader._check_tokenize_status
  File "pandas/_libs/parsers.pyx", line 2053, in pandas._libs.parsers.raise_parser_error
UnicodeDecodeError: 'utf-8' codec can't decode byte 0xb2 in position 12: invalid start byte
[2026-05-19 02:23:00,437: ERROR: main: 'utf-8' codec can't decode byte 0xb2 in position 12: invalid start byte]
Traceback (most recent call last):
  File "E:\PROJECT\lap price pred\main.py", line 31, in <module>
    obj.InitiateDataTransformationPipeline()
  File "E:\PROJECT\lap price pred\src\laptop_price_prediction\pipeline\data_transformation_pipeline.py", line 33, in InitiateDataTransformationPipeline
    raise e
  File "E:\PROJECT\lap price pred\src\laptop_price_prediction\pipeline\data_transformation_pipeline.py", line 23, in InitiateDataTransformationPipeline
    data_transformation.transform_data()
  File "E:\PROJECT\lap price pred\src\laptop_price_prediction\components\data_transformation.py", line 220, in transform_data
    raise e
  File "E:\PROJECT\lap price pred\src\laptop_price_prediction\components\data_transformation.py", line 15, in transform_data
    data = pd.read_csv(self.config.data_path)
  File "E:\PROJECT\lap price pred\venv\lib\site-packages\pandas\io\parsers\readers.py", line 1026, in read_csv
    return _read(filepath_or_buffer, kwds)
  File "E:\PROJECT\lap price pred\venv\lib\site-packages\pandas\io\parsers\readers.py", line 620, in _read
    parser = TextFileReader(filepath_or_buffer, **kwds)
  File "E:\PROJECT\lap price pred\venv\lib\site-packages\pandas\io\parsers\readers.py", line 1620, in __init__
    self._engine = self._make_engine(f, self.engine)
  File "E:\PROJECT\lap price pred\venv\lib\site-packages\pandas\io\parsers\readers.py", line 1898, in _make_engine
    return mapping[engine](f, **self.options)
  File "E:\PROJECT\lap price pred\venv\lib\site-packages\pandas\io\parsers\c_parser_wrapper.py", line 93, in __init__
    self._reader = parsers.TextReader(src, **kwds)
  File "pandas/_libs/parsers.pyx", line 574, in pandas._libs.parsers.TextReader.__cinit__
  File "pandas/_libs/parsers.pyx", line 663, in pandas._libs.parsers.TextReader._get_header
  File "pandas/_libs/parsers.pyx", line 874, in pandas._libs.parsers.TextReader._tokenize_rows
  File "pandas/_libs/parsers.pyx", line 891, in pandas._libs.parsers.TextReader._check_tokenize_status
  File "pandas/_libs/parsers.pyx", line 2053, in pandas._libs.parsers.raise_parser_error
UnicodeDecodeError: 'utf-8' codec can't decode byte 0xb2 in position 12: invalid start byte
[2026-05-19 02:25:08,556: INFO: main: >>>>>>> stage Data Ingestion Stage started <<<<<<<]
[2026-05-19 02:25:08,559: INFO: common: yaml file: config\config.yaml loaded successfully]
[2026-05-19 02:25:08,559: INFO: common: yaml file: params.yaml loaded successfully]
[2026-05-19 02:25:08,561: INFO: common: yaml file: schema.yaml loaded successfully]
[2026-05-19 02:25:08,561: INFO: common: created directory at: artifacts]
[2026-05-19 02:25:08,562: INFO: common: created directory at: artifacts/data_ingestion]
[2026-05-19 02:25:08,562: INFO: data_ingestion: File already exists]
[2026-05-19 02:25:08,563: INFO: data_ingestion_pipeline: >>>>>>> stage Data Ingestion Stage completed <<<<<<<

x==========x]
[2026-05-19 02:25:08,563: INFO: main: >>>>>>> stage Data Ingestion Stage completed <<<<<<<

x==========x]
[2026-05-19 02:25:08,563: INFO: main: >>>>>>> stage Data Validation Stage started <<<<<<<]
[2026-05-19 02:25:08,566: INFO: common: yaml file: config\config.yaml loaded successfully]
[2026-05-19 02:25:08,567: INFO: common: yaml file: params.yaml loaded successfully]
[2026-05-19 02:25:08,569: INFO: common: yaml file: schema.yaml loaded successfully]
[2026-05-19 02:25:08,569: INFO: common: created directory at: artifacts]
[2026-05-19 02:25:08,570: INFO: common: created directory at: artifacts/data_validation]
[2026-05-19 02:25:08,577: INFO: data_validation: Column validation successful! All expected columns are present.]
[2026-05-19 02:25:08,578: INFO: main: >>>>>>> stage Data Validation Stage completed <<<<<<<

x==========x]
[2026-05-19 02:25:08,578: INFO: main: >>>>>>> stage Data Transformation Stage started <<<<<<<]
[2026-05-19 02:25:08,581: INFO: common: yaml file: config\config.yaml loaded successfully]
[2026-05-19 02:25:08,582: INFO: common: yaml file: params.yaml loaded successfully]
[2026-05-19 02:25:08,583: INFO: common: yaml file: schema.yaml loaded successfully]
[2026-05-19 02:25:08,584: INFO: common: created directory at: artifacts]
[2026-05-19 02:25:08,584: INFO: common: created directory at: artifacts/data_transformation]
[2026-05-19 02:25:08,634: INFO: data_transformation: Data transformation successful!]
[2026-05-19 02:25:08,683: INFO: data_transformation: Data transformation successful!]
[2026-05-19 02:25:08,696: INFO: data_transformation: Data split successful!]
[2026-05-19 02:25:08,696: INFO: main: >>>>>>> stage Data Transformation Stage completed <<<<<<<

x==========x]
[2026-05-19 02:25:41,841: INFO: main: >>>>>>> stage Data Ingestion Stage started <<<<<<<]
[2026-05-19 02:25:41,844: INFO: common: yaml file: config\config.yaml loaded successfully]
[2026-05-19 02:25:41,845: INFO: common: yaml file: params.yaml loaded successfully]
[2026-05-19 02:25:41,847: INFO: common: yaml file: schema.yaml loaded successfully]
[2026-05-19 02:25:41,847: INFO: common: created directory at: artifacts]
[2026-05-19 02:25:41,848: INFO: common: created directory at: artifacts/data_ingestion]
[2026-05-19 02:25:42,607: ERROR: main: [Errno 2] No such file or directory: 'artifacts/data_ingestion/datasets-main/data.csv']
Traceback (most recent call last):
  File "E:\PROJECT\lap price pred\main.py", line 10, in <module>
    obj.InitiateDataIngestionTrainingPipeline()
  File "E:\PROJECT\lap price pred\src\laptop_price_prediction\pipeline\data_ingestion_pipeline.py", line 16, in InitiateDataIngestionTrainingPipeline
    data_ingestion.download_file()
  File "E:\PROJECT\lap price pred\src\laptop_price_prediction\components\data_ingestion.py", line 14, in download_file
    filename, headers = request.urlretrieve(
  File "E:\PROJECT\lap price pred\venv\lib\urllib\request.py", line 251, in urlretrieve
    tfp = open(filename, 'wb')
FileNotFoundError: [Errno 2] No such file or directory: 'artifacts/data_ingestion/datasets-main/data.csv'
[2026-05-19 02:27:03,441: INFO: main: >>>>>>> stage Data Ingestion Stage started <<<<<<<]
[2026-05-19 02:27:03,444: INFO: common: yaml file: config\config.yaml loaded successfully]
[2026-05-19 02:27:03,445: INFO: common: yaml file: params.yaml loaded successfully]
[2026-05-19 02:27:03,447: INFO: common: yaml file: schema.yaml loaded successfully]
[2026-05-19 02:27:03,447: INFO: common: created directory at: artifacts]
[2026-05-19 02:27:03,448: INFO: common: created directory at: artifacts/data_ingestion]
[2026-05-19 02:27:03,907: ERROR: main: [Errno 2] No such file or directory: 'artifacts/data_ingestion/datasets-main/data.csv']
Traceback (most recent call last):
  File "E:\PROJECT\lap price pred\main.py", line 10, in <module>
    obj.InitiateDataIngestionTrainingPipeline()
  File "E:\PROJECT\lap price pred\src\laptop_price_prediction\pipeline\data_ingestion_pipeline.py", line 16, in InitiateDataIngestionTrainingPipeline
    data_ingestion.download_file()
  File "E:\PROJECT\lap price pred\src\laptop_price_prediction\components\data_ingestion.py", line 14, in download_file
    filename, headers = request.urlretrieve(
  File "E:\PROJECT\lap price pred\venv\lib\urllib\request.py", line 251, in urlretrieve
    tfp = open(filename, 'wb')
FileNotFoundError: [Errno 2] No such file or directory: 'artifacts/data_ingestion/datasets-main/data.csv'
[2026-05-19 02:28:05,107: INFO: main: >>>>>>> stage Data Ingestion Stage started <<<<<<<]
[2026-05-19 02:28:05,117: INFO: common: yaml file: config\config.yaml loaded successfully]
[2026-05-19 02:28:05,118: INFO: common: yaml file: params.yaml loaded successfully]
[2026-05-19 02:28:05,121: INFO: common: yaml file: schema.yaml loaded successfully]
[2026-05-19 02:28:05,121: INFO: common: created directory at: artifacts]
[2026-05-19 02:28:05,121: INFO: common: created directory at: artifacts/data_ingestion]
[2026-05-19 02:28:05,586: ERROR: main: [Errno 2] No such file or directory: 'artifacts/data_ingestion/datasets-main/data.csv']
Traceback (most recent call last):
  File "E:\PROJECT\lap price pred\main.py", line 10, in <module>
    obj.InitiateDataIngestionTrainingPipeline()
  File "E:\PROJECT\lap price pred\src\laptop_price_prediction\pipeline\data_ingestion_pipeline.py", line 16, in InitiateDataIngestionTrainingPipeline
    data_ingestion.download_file()
  File "E:\PROJECT\lap price pred\src\laptop_price_prediction\components\data_ingestion.py", line 14, in download_file
    filename, headers = request.urlretrieve(
  File "E:\PROJECT\lap price pred\venv\lib\urllib\request.py", line 251, in urlretrieve
    tfp = open(filename, 'wb')
FileNotFoundError: [Errno 2] No such file or directory: 'artifacts/data_ingestion/datasets-main/data.csv'
[2026-05-19 02:30:58,907: INFO: main: >>>>>>> stage Data Ingestion Stage started <<<<<<<]
[2026-05-19 02:30:58,911: INFO: common: yaml file: config\config.yaml loaded successfully]
[2026-05-19 02:30:58,912: INFO: common: yaml file: params.yaml loaded successfully]
[2026-05-19 02:30:58,915: INFO: common: yaml file: schema.yaml loaded successfully]
[2026-05-19 02:30:58,916: INFO: common: created directory at: artifacts]
[2026-05-19 02:30:58,917: INFO: common: created directory at: artifacts/data_ingestion]
[2026-05-19 02:30:58,917: INFO: data_ingestion: File already exists]
[2026-05-19 02:30:58,917: INFO: data_ingestion_pipeline: >>>>>>> stage Data Ingestion Stage completed <<<<<<<

x==========x]
[2026-05-19 02:30:58,917: INFO: main: >>>>>>> stage Data Ingestion Stage completed <<<<<<<

x==========x]
[2026-05-19 02:30:58,917: INFO: main: >>>>>>> stage Data Validation Stage started <<<<<<<]
[2026-05-19 02:30:58,922: INFO: common: yaml file: config\config.yaml loaded successfully]
[2026-05-19 02:30:58,923: INFO: common: yaml file: params.yaml loaded successfully]
[2026-05-19 02:30:58,927: INFO: common: yaml file: schema.yaml loaded successfully]
[2026-05-19 02:30:58,928: INFO: common: created directory at: artifacts]
[2026-05-19 02:30:58,929: INFO: common: created directory at: artifacts/data_validation/]
[2026-05-19 02:30:58,931: ERROR: data_validation: [Errno 2] No such file or directory: 'artifacts/data_ingestion/datasets-main/data.csv']
Traceback (most recent call last):
  File "E:\PROJECT\lap price pred\src\laptop_price_prediction\components\data_validation.py", line 17, in validate_data
    data = pd.read_csv(self.config.unzip_data_dir)
  File "E:\PROJECT\lap price pred\venv\lib\site-packages\pandas\io\parsers\readers.py", line 1026, in read_csv
    return _read(filepath_or_buffer, kwds)
  File "E:\PROJECT\lap price pred\venv\lib\site-packages\pandas\io\parsers\readers.py", line 620, in _read
    parser = TextFileReader(filepath_or_buffer, **kwds)
  File "E:\PROJECT\lap price pred\venv\lib\site-packages\pandas\io\parsers\readers.py", line 1620, in __init__
    self._engine = self._make_engine(f, self.engine)
  File "E:\PROJECT\lap price pred\venv\lib\site-packages\pandas\io\parsers\readers.py", line 1880, in _make_engine
    self.handles = get_handle(
  File "E:\PROJECT\lap price pred\venv\lib\site-packages\pandas\io\common.py", line 873, in get_handle
    handle = open(
FileNotFoundError: [Errno 2] No such file or directory: 'artifacts/data_ingestion/datasets-main/data.csv'
[2026-05-19 02:30:58,947: INFO: main: >>>>>>> stage Data Validation Stage completed <<<<<<<

x==========x]
[2026-05-19 02:30:58,947: INFO: main: >>>>>>> stage Data Transformation Stage started <<<<<<<]
[2026-05-19 02:30:58,948: ERROR: data_transformation_pipeline: [Errno 2] No such file or directory: 'artifacts\\data_validation\\status.txt']
Traceback (most recent call last):
  File "E:\PROJECT\lap price pred\src\laptop_price_prediction\pipeline\data_transformation_pipeline.py", line 16, in InitiateDataTransformationPipeline
    with open(Path("artifacts/data_validation/status.txt"), "r") as f:
FileNotFoundError: [Errno 2] No such file or directory: 'artifacts\\data_validation\\status.txt'
[2026-05-19 02:30:58,948: ERROR: main: [Errno 2] No such file or directory: 'artifacts\\data_validation\\status.txt']
Traceback (most recent call last):
  File "E:\PROJECT\lap price pred\main.py", line 31, in <module>
    obj.InitiateDataTransformationPipeline()
  File "E:\PROJECT\lap price pred\src\laptop_price_prediction\pipeline\data_transformation_pipeline.py", line 33, in InitiateDataTransformationPipeline
    raise e
  File "E:\PROJECT\lap price pred\src\laptop_price_prediction\pipeline\data_transformation_pipeline.py", line 16, in InitiateDataTransformationPipeline
    with open(Path("artifacts/data_validation/status.txt"), "r") as f:
FileNotFoundError: [Errno 2] No such file or directory: 'artifacts\\data_validation\\status.txt'
[2026-05-19 02:35:15,765: INFO: main: >>>>>>> stage Data Ingestion Stage started <<<<<<<]
[2026-05-19 02:35:15,769: INFO: common: yaml file: config\config.yaml loaded successfully]
[2026-05-19 02:35:15,770: INFO: common: yaml file: params.yaml loaded successfully]
[2026-05-19 02:35:15,771: INFO: common: yaml file: schema.yaml loaded successfully]
[2026-05-19 02:35:15,772: INFO: common: created directory at: artifacts]
[2026-05-19 02:35:15,772: INFO: common: created directory at: artifacts/data_ingestion]
[2026-05-19 02:35:16,519: INFO: data_ingestion: artifacts/data_ingestion/data.csv download! with following info: 
Access-Control-Allow-Origin: https://render.githubusercontent.com
content-disposition: attachment; filename=datasets-main.zip
Content-Length: 20690
Content-Security-Policy: default-src 'none'; style-src 'unsafe-inline'; sandbox
Content-Type: application/zip
cross-origin-resource-policy: cross-origin
ETag: "de84c1db40485c25e50b8b9eb0b8a35d45091a21cf556292f3de0f143561abc3"
Strict-Transport-Security: max-age=31536000
Vary: Authorization,Accept-Encoding
X-Content-Type-Options: nosniff
X-Frame-Options: deny
X-XSS-Protection: 1; mode=block
Date: Mon, 18 May 2026 21:05:23 GMT
X-GitHub-Request-Id: 14FF:27B1E1:1DF4:16054:6A0B7F13
connection: close

]
[2026-05-19 02:35:16,521: INFO: data_ingestion_pipeline: >>>>>>> stage Data Ingestion Stage completed <<<<<<<

x==========x]
[2026-05-19 02:35:16,521: INFO: main: >>>>>>> stage Data Ingestion Stage completed <<<<<<<

x==========x]
[2026-05-19 02:35:16,521: INFO: main: >>>>>>> stage Data Validation Stage started <<<<<<<]
[2026-05-19 02:35:16,524: INFO: common: yaml file: config\config.yaml loaded successfully]
[2026-05-19 02:35:16,525: INFO: common: yaml file: params.yaml loaded successfully]
[2026-05-19 02:35:16,528: INFO: common: yaml file: schema.yaml loaded successfully]
[2026-05-19 02:35:16,528: INFO: common: created directory at: artifacts]
[2026-05-19 02:35:16,528: INFO: common: created directory at: artifacts/data_validation]
[2026-05-19 02:35:16,530: ERROR: data_validation: 'utf-8' codec can't decode byte 0xb2 in position 12: invalid start byte]
Traceback (most recent call last):
  File "E:\PROJECT\lap price pred\src\laptop_price_prediction\components\data_validation.py", line 17, in validate_data
    data = pd.read_csv(self.config.unzip_data_dir)
  File "E:\PROJECT\lap price pred\venv\lib\site-packages\pandas\io\parsers\readers.py", line 1026, in read_csv
    return _read(filepath_or_buffer, kwds)
  File "E:\PROJECT\lap price pred\venv\lib\site-packages\pandas\io\parsers\readers.py", line 620, in _read
    parser = TextFileReader(filepath_or_buffer, **kwds)
  File "E:\PROJECT\lap price pred\venv\lib\site-packages\pandas\io\parsers\readers.py", line 1620, in __init__
    self._engine = self._make_engine(f, self.engine)
  File "E:\PROJECT\lap price pred\venv\lib\site-packages\pandas\io\parsers\readers.py", line 1898, in _make_engine
    return mapping[engine](f, **self.options)
  File "E:\PROJECT\lap price pred\venv\lib\site-packages\pandas\io\parsers\c_parser_wrapper.py", line 93, in __init__
    self._reader = parsers.TextReader(src, **kwds)
  File "pandas/_libs/parsers.pyx", line 574, in pandas._libs.parsers.TextReader.__cinit__
  File "pandas/_libs/parsers.pyx", line 663, in pandas._libs.parsers.TextReader._get_header
  File "pandas/_libs/parsers.pyx", line 874, in pandas._libs.parsers.TextReader._tokenize_rows
  File "pandas/_libs/parsers.pyx", line 891, in pandas._libs.parsers.TextReader._check_tokenize_status
  File "pandas/_libs/parsers.pyx", line 2053, in pandas._libs.parsers.raise_parser_error
UnicodeDecodeError: 'utf-8' codec can't decode byte 0xb2 in position 12: invalid start byte
[2026-05-19 02:35:16,532: INFO: main: >>>>>>> stage Data Validation Stage completed <<<<<<<

x==========x]
[2026-05-19 02:35:16,532: INFO: main: >>>>>>> stage Data Transformation Stage started <<<<<<<]
[2026-05-19 02:35:16,532: ERROR: data_transformation_pipeline: [Errno 2] No such file or directory: 'artifacts\\data_validation\\status.txt']
Traceback (most recent call last):
  File "E:\PROJECT\lap price pred\src\laptop_price_prediction\pipeline\data_transformation_pipeline.py", line 16, in InitiateDataTransformationPipeline
    with open(Path("artifacts/data_validation/status.txt"), "r") as f:
FileNotFoundError: [Errno 2] No such file or directory: 'artifacts\\data_validation\\status.txt'
[2026-05-19 02:35:16,533: ERROR: main: [Errno 2] No such file or directory: 'artifacts\\data_validation\\status.txt']
Traceback (most recent call last):
  File "E:\PROJECT\lap price pred\main.py", line 31, in <module>
    obj.InitiateDataTransformationPipeline()
  File "E:\PROJECT\lap price pred\src\laptop_price_prediction\pipeline\data_transformation_pipeline.py", line 33, in InitiateDataTransformationPipeline
    raise e
  File "E:\PROJECT\lap price pred\src\laptop_price_prediction\pipeline\data_transformation_pipeline.py", line 16, in InitiateDataTransformationPipeline
    with open(Path("artifacts/data_validation/status.txt"), "r") as f:
FileNotFoundError: [Errno 2] No such file or directory: 'artifacts\\data_validation\\status.txt'
[2026-05-19 02:37:11,807: INFO: main: >>>>>>> stage Data Ingestion Stage started <<<<<<<]
[2026-05-19 02:37:11,811: INFO: common: yaml file: config\config.yaml loaded successfully]
[2026-05-19 02:37:11,811: INFO: common: yaml file: params.yaml loaded successfully]
[2026-05-19 02:37:11,813: INFO: common: yaml file: schema.yaml loaded successfully]
[2026-05-19 02:37:11,813: INFO: common: created directory at: artifacts]
[2026-05-19 02:37:11,814: INFO: common: created directory at: artifacts/data_ingestion]
[2026-05-19 02:37:12,260: INFO: data_ingestion: artifacts/data_ingestion/data.csv download! with following info: 
Access-Control-Allow-Origin: https://render.githubusercontent.com
content-disposition: attachment; filename=datasets-main.zip
Content-Length: 20690
Content-Security-Policy: default-src 'none'; style-src 'unsafe-inline'; sandbox
Content-Type: application/zip
cross-origin-resource-policy: cross-origin
ETag: "de84c1db40485c25e50b8b9eb0b8a35d45091a21cf556292f3de0f143561abc3"
Strict-Transport-Security: max-age=31536000
Vary: Authorization,Accept-Encoding
X-Content-Type-Options: nosniff
X-Frame-Options: deny
X-XSS-Protection: 1; mode=block
Date: Mon, 18 May 2026 21:07:19 GMT
X-GitHub-Request-Id: 51C3:106076:1BF4:16045:6A0B7F87
connection: close

]
[2026-05-19 02:37:12,262: INFO: data_ingestion_pipeline: >>>>>>> stage Data Ingestion Stage completed <<<<<<<

x==========x]
[2026-05-19 02:37:12,262: INFO: main: >>>>>>> stage Data Ingestion Stage completed <<<<<<<

x==========x]
[2026-05-19 02:37:12,262: INFO: main: >>>>>>> stage Data Validation Stage started <<<<<<<]
[2026-05-19 02:37:12,265: INFO: common: yaml file: config\config.yaml loaded successfully]
[2026-05-19 02:37:12,265: INFO: common: yaml file: params.yaml loaded successfully]
[2026-05-19 02:37:12,267: INFO: common: yaml file: schema.yaml loaded successfully]
[2026-05-19 02:37:12,268: INFO: common: created directory at: artifacts]
[2026-05-19 02:37:12,268: INFO: common: created directory at: artifacts/data_validation]
[2026-05-19 02:37:12,275: INFO: data_validation: Column validation successful! All expected columns are present.]
[2026-05-19 02:37:12,277: INFO: main: >>>>>>> stage Data Validation Stage completed <<<<<<<

x==========x]
[2026-05-19 02:37:12,277: INFO: main: >>>>>>> stage Data Transformation Stage started <<<<<<<]
[2026-05-19 02:37:12,280: INFO: common: yaml file: config\config.yaml loaded successfully]
[2026-05-19 02:37:12,281: INFO: common: yaml file: params.yaml loaded successfully]
[2026-05-19 02:37:12,282: INFO: common: yaml file: schema.yaml loaded successfully]
[2026-05-19 02:37:12,283: INFO: common: created directory at: artifacts]
[2026-05-19 02:37:12,283: INFO: common: created directory at: artifacts/data_transformation]
[2026-05-19 02:37:12,284: ERROR: data_transformation: 'utf-8' codec can't decode byte 0xb2 in position 12: invalid start byte]
Traceback (most recent call last):
  File "E:\PROJECT\lap price pred\src\laptop_price_prediction\components\data_transformation.py", line 15, in transform_data
    data = pd.read_csv(self.config.data_path)
  File "E:\PROJECT\lap price pred\venv\lib\site-packages\pandas\io\parsers\readers.py", line 1026, in read_csv
    return _read(filepath_or_buffer, kwds)
  File "E:\PROJECT\lap price pred\venv\lib\site-packages\pandas\io\parsers\readers.py", line 620, in _read
    parser = TextFileReader(filepath_or_buffer, **kwds)
  File "E:\PROJECT\lap price pred\venv\lib\site-packages\pandas\io\parsers\readers.py", line 1620, in __init__
    self._engine = self._make_engine(f, self.engine)
  File "E:\PROJECT\lap price pred\venv\lib\site-packages\pandas\io\parsers\readers.py", line 1898, in _make_engine
    return mapping[engine](f, **self.options)
  File "E:\PROJECT\lap price pred\venv\lib\site-packages\pandas\io\parsers\c_parser_wrapper.py", line 93, in __init__
    self._reader = parsers.TextReader(src, **kwds)
  File "pandas/_libs/parsers.pyx", line 574, in pandas._libs.parsers.TextReader.__cinit__
  File "pandas/_libs/parsers.pyx", line 663, in pandas._libs.parsers.TextReader._get_header
  File "pandas/_libs/parsers.pyx", line 874, in pandas._libs.parsers.TextReader._tokenize_rows
  File "pandas/_libs/parsers.pyx", line 891, in pandas._libs.parsers.TextReader._check_tokenize_status
  File "pandas/_libs/parsers.pyx", line 2053, in pandas._libs.parsers.raise_parser_error
UnicodeDecodeError: 'utf-8' codec can't decode byte 0xb2 in position 12: invalid start byte
[2026-05-19 02:37:12,285: ERROR: data_transformation_pipeline: 'utf-8' codec can't decode byte 0xb2 in position 12: invalid start byte]
Traceback (most recent call last):
  File "E:\PROJECT\lap price pred\src\laptop_price_prediction\pipeline\data_transformation_pipeline.py", line 23, in InitiateDataTransformationPipeline
    data_transformation.transform_data()
  File "E:\PROJECT\lap price pred\src\laptop_price_prediction\components\data_transformation.py", line 220, in transform_data
    raise e
  File "E:\PROJECT\lap price pred\src\laptop_price_prediction\components\data_transformation.py", line 15, in transform_data
    data = pd.read_csv(self.config.data_path)
  File "E:\PROJECT\lap price pred\venv\lib\site-packages\pandas\io\parsers\readers.py", line 1026, in read_csv
    return _read(filepath_or_buffer, kwds)
  File "E:\PROJECT\lap price pred\venv\lib\site-packages\pandas\io\parsers\readers.py", line 620, in _read
    parser = TextFileReader(filepath_or_buffer, **kwds)
  File "E:\PROJECT\lap price pred\venv\lib\site-packages\pandas\io\parsers\readers.py", line 1620, in __init__
    self._engine = self._make_engine(f, self.engine)
  File "E:\PROJECT\lap price pred\venv\lib\site-packages\pandas\io\parsers\readers.py", line 1898, in _make_engine
    return mapping[engine](f, **self.options)
  File "E:\PROJECT\lap price pred\venv\lib\site-packages\pandas\io\parsers\c_parser_wrapper.py", line 93, in __init__
    self._reader = parsers.TextReader(src, **kwds)
  File "pandas/_libs/parsers.pyx", line 574, in pandas._libs.parsers.TextReader.__cinit__
  File "pandas/_libs/parsers.pyx", line 663, in pandas._libs.parsers.TextReader._get_header
  File "pandas/_libs/parsers.pyx", line 874, in pandas._libs.parsers.TextReader._tokenize_rows
  File "pandas/_libs/parsers.pyx", line 891, in pandas._libs.parsers.TextReader._check_tokenize_status
  File "pandas/_libs/parsers.pyx", line 2053, in pandas._libs.parsers.raise_parser_error
UnicodeDecodeError: 'utf-8' codec can't decode byte 0xb2 in position 12: invalid start byte
[2026-05-19 02:37:12,286: ERROR: main: 'utf-8' codec can't decode byte 0xb2 in position 12: invalid start byte]
Traceback (most recent call last):
  File "E:\PROJECT\lap price pred\main.py", line 31, in <module>
    obj.InitiateDataTransformationPipeline()
  File "E:\PROJECT\lap price pred\src\laptop_price_prediction\pipeline\data_transformation_pipeline.py", line 33, in InitiateDataTransformationPipeline
    raise e
  File "E:\PROJECT\lap price pred\src\laptop_price_prediction\pipeline\data_transformation_pipeline.py", line 23, in InitiateDataTransformationPipeline
    data_transformation.transform_data()
  File "E:\PROJECT\lap price pred\src\laptop_price_prediction\components\data_transformation.py", line 220, in transform_data
    raise e
  File "E:\PROJECT\lap price pred\src\laptop_price_prediction\components\data_transformation.py", line 15, in transform_data
    data = pd.read_csv(self.config.data_path)
  File "E:\PROJECT\lap price pred\venv\lib\site-packages\pandas\io\parsers\readers.py", line 1026, in read_csv
    return _read(filepath_or_buffer, kwds)
  File "E:\PROJECT\lap price pred\venv\lib\site-packages\pandas\io\parsers\readers.py", line 620, in _read
    parser = TextFileReader(filepath_or_buffer, **kwds)
  File "E:\PROJECT\lap price pred\venv\lib\site-packages\pandas\io\parsers\readers.py", line 1620, in __init__
    self._engine = self._make_engine(f, self.engine)
  File "E:\PROJECT\lap price pred\venv\lib\site-packages\pandas\io\parsers\readers.py", line 1898, in _make_engine
    return mapping[engine](f, **self.options)
  File "E:\PROJECT\lap price pred\venv\lib\site-packages\pandas\io\parsers\c_parser_wrapper.py", line 93, in __init__
    self._reader = parsers.TextReader(src, **kwds)
  File "pandas/_libs/parsers.pyx", line 574, in pandas._libs.parsers.TextReader.__cinit__
  File "pandas/_libs/parsers.pyx", line 663, in pandas._libs.parsers.TextReader._get_header
  File "pandas/_libs/parsers.pyx", line 874, in pandas._libs.parsers.TextReader._tokenize_rows
  File "pandas/_libs/parsers.pyx", line 891, in pandas._libs.parsers.TextReader._check_tokenize_status
  File "pandas/_libs/parsers.pyx", line 2053, in pandas._libs.parsers.raise_parser_error
UnicodeDecodeError: 'utf-8' codec can't decode byte 0xb2 in position 12: invalid start byte
[2026-05-19 02:37:52,108: INFO: main: >>>>>>> stage Data Ingestion Stage started <<<<<<<]
[2026-05-19 02:37:52,112: INFO: common: yaml file: config\config.yaml loaded successfully]
[2026-05-19 02:37:52,112: INFO: common: yaml file: params.yaml loaded successfully]
[2026-05-19 02:37:52,114: INFO: common: yaml file: schema.yaml loaded successfully]
[2026-05-19 02:37:52,115: INFO: common: created directory at: artifacts]
[2026-05-19 02:37:52,115: INFO: common: created directory at: artifacts/data_ingestion]
[2026-05-19 02:37:52,913: INFO: data_ingestion: artifacts/data_ingestion/data.csv download! with following info: 
Access-Control-Allow-Origin: https://render.githubusercontent.com
content-disposition: attachment; filename=datasets-main.zip
Content-Security-Policy: default-src 'none'; style-src 'unsafe-inline'; sandbox
Content-Type: application/zip
cross-origin-resource-policy: cross-origin
ETag: "de84c1db40485c25e50b8b9eb0b8a35d45091a21cf556292f3de0f143561abc3"
Strict-Transport-Security: max-age=31536000
Vary: Authorization,Accept-Encoding
X-Content-Type-Options: nosniff
X-Frame-Options: deny
X-XSS-Protection: 1; mode=block
Date: Mon, 18 May 2026 21:08:00 GMT
Transfer-Encoding: chunked
X-GitHub-Request-Id: 743A:380DF3:1DD6:1646D:6A0B7FB0
connection: close

]
[2026-05-19 02:37:52,915: INFO: data_ingestion_pipeline: >>>>>>> stage Data Ingestion Stage completed <<<<<<<

x==========x]
[2026-05-19 02:37:52,915: INFO: main: >>>>>>> stage Data Ingestion Stage completed <<<<<<<

x==========x]
[2026-05-19 02:37:52,915: INFO: main: >>>>>>> stage Data Validation Stage started <<<<<<<]
[2026-05-19 02:37:52,920: INFO: common: yaml file: config\config.yaml loaded successfully]
[2026-05-19 02:37:52,920: INFO: common: yaml file: params.yaml loaded successfully]
[2026-05-19 02:37:52,923: INFO: common: yaml file: schema.yaml loaded successfully]
[2026-05-19 02:37:52,923: INFO: common: created directory at: artifacts]
[2026-05-19 02:37:52,923: INFO: common: created directory at: artifacts/data_validation]
[2026-05-19 02:37:52,930: INFO: data_validation: Column validation successful! All expected columns are present.]
[2026-05-19 02:37:52,931: INFO: main: >>>>>>> stage Data Validation Stage completed <<<<<<<

x==========x]
[2026-05-19 02:37:52,932: INFO: main: >>>>>>> stage Data Transformation Stage started <<<<<<<]
[2026-05-19 02:37:52,935: INFO: common: yaml file: config\config.yaml loaded successfully]
[2026-05-19 02:37:52,936: INFO: common: yaml file: params.yaml loaded successfully]
[2026-05-19 02:37:52,937: INFO: common: yaml file: schema.yaml loaded successfully]
[2026-05-19 02:37:52,937: INFO: common: created directory at: artifacts]
[2026-05-19 02:37:52,937: INFO: common: created directory at: artifacts/data_transformation]
[2026-05-19 02:37:52,992: INFO: data_transformation: Data transformation successful!]
[2026-05-19 02:37:53,042: INFO: data_transformation: Data transformation successful!]
[2026-05-19 02:37:53,056: INFO: data_transformation: Data split successful!]
[2026-05-19 02:37:53,056: INFO: main: >>>>>>> stage Data Transformation Stage completed <<<<<<<

x==========x]
[2026-05-19 10:04:54,084: INFO: main: >>>>>>> stage Data Ingestion Stage started <<<<<<<]
[2026-05-19 10:04:54,103: INFO: common: yaml file: config\config.yaml loaded successfully]
[2026-05-19 10:04:54,104: INFO: common: yaml file: params.yaml loaded successfully]
[2026-05-19 10:04:54,105: INFO: common: yaml file: schema.yaml loaded successfully]
[2026-05-19 10:04:54,106: INFO: common: created directory at: artifacts]
[2026-05-19 10:04:54,106: INFO: common: created directory at: artifacts/data_ingestion]
[2026-05-19 10:04:54,934: INFO: data_ingestion: artifacts/data_ingestion/data.csv download! with following info: 
Access-Control-Allow-Origin: https://render.githubusercontent.com
content-disposition: attachment; filename=datasets-main.zip
Content-Security-Policy: default-src 'none'; style-src 'unsafe-inline'; sandbox
Content-Type: application/zip
cross-origin-resource-policy: cross-origin
ETag: "de84c1db40485c25e50b8b9eb0b8a35d45091a21cf556292f3de0f143561abc3"
Strict-Transport-Security: max-age=31536000
Vary: Authorization,Accept-Encoding
X-Content-Type-Options: nosniff
X-Frame-Options: deny
X-XSS-Protection: 1; mode=block
Date: Tue, 19 May 2026 04:35:02 GMT
Transfer-Encoding: chunked
X-GitHub-Request-Id: 80FC:4E38A:66F7:5E6B6:6A0BE876
connection: close

]
[2026-05-19 10:04:54,937: INFO: data_ingestion_pipeline: >>>>>>> stage Data Ingestion Stage completed <<<<<<<

x==========x]
[2026-05-19 10:04:54,937: INFO: main: >>>>>>> stage Data Ingestion Stage completed <<<<<<<

x==========x]
[2026-05-19 10:04:54,938: INFO: main: >>>>>>> stage Data Validation Stage started <<<<<<<]
[2026-05-19 10:04:54,941: INFO: common: yaml file: config\config.yaml loaded successfully]
[2026-05-19 10:04:54,942: INFO: common: yaml file: params.yaml loaded successfully]
[2026-05-19 10:04:54,944: INFO: common: yaml file: schema.yaml loaded successfully]
[2026-05-19 10:04:54,944: INFO: common: created directory at: artifacts]
[2026-05-19 10:04:54,945: INFO: common: created directory at: artifacts/data_validation]
[2026-05-19 10:04:54,951: INFO: data_validation: Column validation successful! All expected columns are present.]
[2026-05-19 10:04:54,952: INFO: main: >>>>>>> stage Data Validation Stage completed <<<<<<<

x==========x]
[2026-05-19 10:04:54,953: INFO: main: >>>>>>> stage Data Transformation Stage started <<<<<<<]
[2026-05-19 10:04:54,956: INFO: common: yaml file: config\config.yaml loaded successfully]
[2026-05-19 10:04:54,956: INFO: common: yaml file: params.yaml loaded successfully]
[2026-05-19 10:04:54,958: INFO: common: yaml file: schema.yaml loaded successfully]
[2026-05-19 10:04:54,959: INFO: common: created directory at: artifacts]
[2026-05-19 10:04:54,959: INFO: common: created directory at: artifacts/data_transformation]
[2026-05-19 10:04:55,014: INFO: data_transformation: Data transformation successful!]
[2026-05-19 10:04:55,066: INFO: data_transformation: Data transformation successful!]
[2026-05-19 10:04:55,092: INFO: data_transformation: Data split successful!]
[2026-05-19 10:04:55,092: INFO: main: >>>>>>> stage Data Transformation Stage completed <<<<<<<

x==========x]
[2026-05-19 10:14:11,318: INFO: main: >>>>>>> stage Data Ingestion Stage started <<<<<<<]
[2026-05-19 10:14:11,322: INFO: common: yaml file: config\config.yaml loaded successfully]
[2026-05-19 10:14:11,322: INFO: common: yaml file: params.yaml loaded successfully]
[2026-05-19 10:14:11,324: INFO: common: yaml file: schema.yaml loaded successfully]
[2026-05-19 10:14:11,324: INFO: common: created directory at: artifacts]
[2026-05-19 10:14:11,325: INFO: common: created directory at: artifacts/data_ingestion]
[2026-05-19 10:14:12,121: INFO: data_ingestion: artifacts/data_ingestion/data.csv download! with following info: 
Access-Control-Allow-Origin: https://render.githubusercontent.com
content-disposition: attachment; filename=datasets-main.zip
Content-Security-Policy: default-src 'none'; style-src 'unsafe-inline'; sandbox
Content-Type: application/zip
cross-origin-resource-policy: cross-origin
ETag: "de84c1db40485c25e50b8b9eb0b8a35d45091a21cf556292f3de0f143561abc3"
Strict-Transport-Security: max-age=31536000
Vary: Authorization,Accept-Encoding
X-Content-Type-Options: nosniff
X-Frame-Options: deny
X-XSS-Protection: 1; mode=block
Date: Tue, 19 May 2026 04:44:19 GMT
Transfer-Encoding: chunked
X-GitHub-Request-Id: 8164:1001F6:7634:60EF0:6A0BEAA3
connection: close

]
[2026-05-19 10:14:12,123: INFO: data_ingestion_pipeline: >>>>>>> stage Data Ingestion Stage completed <<<<<<<

x==========x]
[2026-05-19 10:14:12,124: INFO: main: >>>>>>> stage Data Ingestion Stage completed <<<<<<<

x==========x]
[2026-05-19 10:14:12,124: INFO: main: >>>>>>> stage Data Validation Stage started <<<<<<<]
[2026-05-19 10:14:12,127: INFO: common: yaml file: config\config.yaml loaded successfully]
[2026-05-19 10:14:12,128: INFO: common: yaml file: params.yaml loaded successfully]
[2026-05-19 10:14:12,130: INFO: common: yaml file: schema.yaml loaded successfully]
[2026-05-19 10:14:12,131: INFO: common: created directory at: artifacts]
[2026-05-19 10:14:12,132: INFO: common: created directory at: artifacts/data_validation]
[2026-05-19 10:14:12,139: INFO: data_validation: Column validation successful! All expected columns are present.]
[2026-05-19 10:14:12,140: INFO: main: >>>>>>> stage Data Validation Stage completed <<<<<<<

x==========x]
[2026-05-19 10:14:12,140: INFO: main: >>>>>>> stage Data Transformation Stage started <<<<<<<]
[2026-05-19 10:14:12,143: INFO: common: yaml file: config\config.yaml loaded successfully]
[2026-05-19 10:14:12,144: INFO: common: yaml file: params.yaml loaded successfully]
[2026-05-19 10:14:12,145: INFO: common: yaml file: schema.yaml loaded successfully]
[2026-05-19 10:14:12,146: INFO: common: created directory at: artifacts]
[2026-05-19 10:14:12,146: INFO: common: created directory at: artifacts/data_transformation]
[2026-05-19 10:14:12,202: INFO: data_transformation: Data transformation successful!]
[2026-05-19 10:14:12,253: INFO: data_transformation: Data transformation successful!]
[2026-05-19 10:14:12,267: INFO: data_transformation: Data split successful!]
[2026-05-19 10:14:12,268: INFO: main: >>>>>>> stage Data Transformation Stage completed <<<<<<<

x==========x]
[2026-05-19 13:31:35,701: INFO: main: >>>>>>> stage Data Ingestion Stage started <<<<<<<]
[2026-05-19 13:31:35,705: INFO: common: yaml file: config\config.yaml loaded successfully]
[2026-05-19 13:31:35,706: INFO: common: yaml file: params.yaml loaded successfully]
[2026-05-19 13:31:35,708: INFO: common: yaml file: schema.yaml loaded successfully]
[2026-05-19 13:31:35,708: INFO: common: created directory at: artifacts]
[2026-05-19 13:31:35,709: INFO: common: created directory at: artifacts/data_ingestion]
[2026-05-19 13:31:35,709: INFO: data_ingestion: File already exists]
[2026-05-19 13:31:35,711: INFO: data_ingestion_pipeline: >>>>>>> stage Data Ingestion Stage completed <<<<<<<

x==========x]
[2026-05-19 13:31:35,711: INFO: main: >>>>>>> stage Data Ingestion Stage completed <<<<<<<

x==========x]
[2026-05-19 13:31:35,711: INFO: main: >>>>>>> stage Data Validation Stage started <<<<<<<]
[2026-05-19 13:31:35,714: INFO: common: yaml file: config\config.yaml loaded successfully]
[2026-05-19 13:31:35,716: INFO: common: yaml file: params.yaml loaded successfully]
[2026-05-19 13:31:35,718: INFO: common: yaml file: schema.yaml loaded successfully]
[2026-05-19 13:31:35,718: INFO: common: created directory at: artifacts]
[2026-05-19 13:31:35,718: INFO: common: created directory at: artifacts/data_validation]
[2026-05-19 13:31:35,726: ERROR: data_validation: 'Index' object has no attribute 'lower']
Traceback (most recent call last):
  File "E:\PROJECT\lap price pred\src\laptop_price_prediction\components\data_validation.py", line 19, in validate_data
    actual_columns = set(data.columns.lower())
AttributeError: 'Index' object has no attribute 'lower'
[2026-05-19 13:31:35,726: INFO: main: >>>>>>> stage Data Validation Stage completed <<<<<<<

x==========x]
[2026-05-19 13:31:35,727: INFO: main: >>>>>>> stage Data Transformation Stage started <<<<<<<]
[2026-05-19 13:31:35,730: INFO: common: yaml file: config\config.yaml loaded successfully]
[2026-05-19 13:31:35,732: INFO: common: yaml file: params.yaml loaded successfully]
[2026-05-19 13:31:35,733: INFO: common: yaml file: schema.yaml loaded successfully]
[2026-05-19 13:31:35,734: INFO: common: created directory at: artifacts]
[2026-05-19 13:31:35,734: INFO: common: created directory at: artifacts/data_transformation]
[2026-05-19 13:31:35,788: INFO: data_transformation: Data transformation successful!]
[2026-05-19 13:31:35,842: INFO: data_transformation: Data transformation successful!]
[2026-05-19 13:31:35,858: INFO: data_transformation: Data split successful!]
[2026-05-19 13:31:35,858: INFO: main: >>>>>>> stage Data Transformation Stage completed <<<<<<<

x==========x]
[2026-05-19 13:31:35,858: INFO: main: >>>>>>> stage Model Trainer Stage started <<<<<<<]
[2026-05-19 13:31:35,861: INFO: common: yaml file: config\config.yaml loaded successfully]
[2026-05-19 13:31:35,863: INFO: common: yaml file: params.yaml loaded successfully]
[2026-05-19 13:31:35,864: INFO: common: yaml file: schema.yaml loaded successfully]
[2026-05-19 13:31:35,864: INFO: common: created directory at: artifacts]
[2026-05-19 13:31:35,865: INFO: common: created directory at: artifacts/model_trainer]
[2026-05-19 13:31:35,879: ERROR: model_training_pipeline: "'ConfigBox' object has no attribute 'model_path'"]
Traceback (most recent call last):
  File "box/box.py", line 605, in box.box.Box.__getitem__
KeyError: 'model_path'

The above exception was the direct cause of the following exception:

Traceback (most recent call last):
  File "box/box.py", line 644, in box.box.Box.__getattr__
  File "box/box.py", line 632, in box.box.Box.__getitem__
box.exceptions.BoxKeyError: "'model_path'"

During handling of the above exception, another exception occurred:

Traceback (most recent call last):
  File "box/box.py", line 646, in box.box.Box.__getattr__
AttributeError: 'ConfigBox' object has no attribute 'model_path'

The above exception was the direct cause of the following exception:

Traceback (most recent call last):
  File "box/config_box.py", line 29, in box.config_box.ConfigBox.__getattr__
  File "box/box.py", line 660, in box.box.Box.__getattr__
box.exceptions.BoxKeyError: "'ConfigBox' object has no attribute 'model_path'"

During handling of the above exception, another exception occurred:

Traceback (most recent call last):
  File "box/box.py", line 605, in box.box.Box.__getitem__
KeyError: 'model_path'

The above exception was the direct cause of the following exception:

Traceback (most recent call last):
  File "box/box.py", line 644, in box.box.Box.__getattr__
  File "box/box.py", line 632, in box.box.Box.__getitem__
box.exceptions.BoxKeyError: "'model_path'"

During handling of the above exception, another exception occurred:

Traceback (most recent call last):
  File "box/box.py", line 646, in box.box.Box.__getattr__
AttributeError: 'ConfigBox' object has no attribute 'model_path'

The above exception was the direct cause of the following exception:

Traceback (most recent call last):
  File "E:\PROJECT\lap price pred\src\laptop_price_prediction\pipeline\model_training_pipeline.py", line 17, in InitiateModelTrainerPipeline
    model_trainer_config = config.get_model_trainer_config()
  File "E:\PROJECT\lap price pred\src\laptop_price_prediction\config\configuration.py", line 71, in get_model_trainer_config
    model_path = config.model_path,
  File "box/config_box.py", line 31, in box.config_box.ConfigBox.__getattr__
  File "box/box.py", line 660, in box.box.Box.__getattr__
box.exceptions.BoxKeyError: "'ConfigBox' object has no attribute 'model_path'"
[2026-05-19 13:31:35,881: ERROR: main: "'ConfigBox' object has no attribute 'model_path'"]
Traceback (most recent call last):
  File "box/box.py", line 605, in box.box.Box.__getitem__
KeyError: 'model_path'

The above exception was the direct cause of the following exception:

Traceback (most recent call last):
  File "box/box.py", line 644, in box.box.Box.__getattr__
  File "box/box.py", line 632, in box.box.Box.__getitem__
box.exceptions.BoxKeyError: "'model_path'"

During handling of the above exception, another exception occurred:

Traceback (most recent call last):
  File "box/box.py", line 646, in box.box.Box.__getattr__
AttributeError: 'ConfigBox' object has no attribute 'model_path'

The above exception was the direct cause of the following exception:

Traceback (most recent call last):
  File "box/config_box.py", line 29, in box.config_box.ConfigBox.__getattr__
  File "box/box.py", line 660, in box.box.Box.__getattr__
box.exceptions.BoxKeyError: "'ConfigBox' object has no attribute 'model_path'"

During handling of the above exception, another exception occurred:

Traceback (most recent call last):
  File "box/box.py", line 605, in box.box.Box.__getitem__
KeyError: 'model_path'

The above exception was the direct cause of the following exception:

Traceback (most recent call last):
  File "box/box.py", line 644, in box.box.Box.__getattr__
  File "box/box.py", line 632, in box.box.Box.__getitem__
box.exceptions.BoxKeyError: "'model_path'"

During handling of the above exception, another exception occurred:

Traceback (most recent call last):
  File "box/box.py", line 646, in box.box.Box.__getattr__
AttributeError: 'ConfigBox' object has no attribute 'model_path'

The above exception was the direct cause of the following exception:

Traceback (most recent call last):
  File "E:\PROJECT\lap price pred\main.py", line 44, in <module>
    obj.InitiateModelTrainerPipeline()
  File "E:\PROJECT\lap price pred\src\laptop_price_prediction\pipeline\model_training_pipeline.py", line 23, in InitiateModelTrainerPipeline
    raise e
  File "E:\PROJECT\lap price pred\src\laptop_price_prediction\pipeline\model_training_pipeline.py", line 17, in InitiateModelTrainerPipeline
    model_trainer_config = config.get_model_trainer_config()
  File "E:\PROJECT\lap price pred\src\laptop_price_prediction\config\configuration.py", line 71, in get_model_trainer_config
    model_path = config.model_path,
  File "box/config_box.py", line 31, in box.config_box.ConfigBox.__getattr__
  File "box/box.py", line 660, in box.box.Box.__getattr__
box.exceptions.BoxKeyError: "'ConfigBox' object has no attribute 'model_path'"
[2026-05-19 13:32:39,057: INFO: main: >>>>>>> stage Data Ingestion Stage started <<<<<<<]
[2026-05-19 13:32:39,060: INFO: common: yaml file: config\config.yaml loaded successfully]
[2026-05-19 13:32:39,062: INFO: common: yaml file: params.yaml loaded successfully]
[2026-05-19 13:32:39,064: INFO: common: yaml file: schema.yaml loaded successfully]
[2026-05-19 13:32:39,064: INFO: common: created directory at: artifacts]
[2026-05-19 13:32:39,064: INFO: common: created directory at: artifacts/data_ingestion]
[2026-05-19 13:32:39,065: INFO: data_ingestion: File already exists]
[2026-05-19 13:32:39,067: INFO: data_ingestion_pipeline: >>>>>>> stage Data Ingestion Stage completed <<<<<<<

x==========x]
[2026-05-19 13:32:39,068: INFO: main: >>>>>>> stage Data Ingestion Stage completed <<<<<<<

x==========x]
[2026-05-19 13:32:39,068: INFO: main: >>>>>>> stage Data Validation Stage started <<<<<<<]
[2026-05-19 13:32:39,071: INFO: common: yaml file: config\config.yaml loaded successfully]
[2026-05-19 13:32:39,073: INFO: common: yaml file: params.yaml loaded successfully]
[2026-05-19 13:32:39,074: INFO: common: yaml file: schema.yaml loaded successfully]
[2026-05-19 13:32:39,074: INFO: common: created directory at: artifacts]
[2026-05-19 13:32:39,074: INFO: common: created directory at: artifacts/data_validation]
[2026-05-19 13:32:39,082: ERROR: data_validation: 'Index' object has no attribute 'lower']
Traceback (most recent call last):
  File "E:\PROJECT\lap price pred\src\laptop_price_prediction\components\data_validation.py", line 19, in validate_data
    actual_columns = set(data.columns.lower())
AttributeError: 'Index' object has no attribute 'lower'
[2026-05-19 13:32:39,083: INFO: main: >>>>>>> stage Data Validation Stage completed <<<<<<<

x==========x]
[2026-05-19 13:32:39,083: INFO: main: >>>>>>> stage Data Transformation Stage started <<<<<<<]
[2026-05-19 13:32:39,086: INFO: common: yaml file: config\config.yaml loaded successfully]
[2026-05-19 13:32:39,087: INFO: common: yaml file: params.yaml loaded successfully]
[2026-05-19 13:32:39,089: INFO: common: yaml file: schema.yaml loaded successfully]
[2026-05-19 13:32:39,090: INFO: common: created directory at: artifacts]
[2026-05-19 13:32:39,090: INFO: common: created directory at: artifacts/data_transformation]
[2026-05-19 13:32:39,145: INFO: data_transformation: Data transformation successful!]
[2026-05-19 13:32:39,197: INFO: data_transformation: Data transformation successful!]
[2026-05-19 13:32:39,213: INFO: data_transformation: Data split successful!]
[2026-05-19 13:32:39,214: INFO: main: >>>>>>> stage Data Transformation Stage completed <<<<<<<

x==========x]
[2026-05-19 13:32:39,214: INFO: main: >>>>>>> stage Model Trainer Stage started <<<<<<<]
[2026-05-19 13:32:39,216: INFO: common: yaml file: config\config.yaml loaded successfully]
[2026-05-19 13:32:39,218: INFO: common: yaml file: params.yaml loaded successfully]
[2026-05-19 13:32:39,220: INFO: common: yaml file: schema.yaml loaded successfully]
[2026-05-19 13:32:39,220: INFO: common: created directory at: artifacts]
[2026-05-19 13:32:39,221: INFO: common: created directory at: artifacts/model_trainer]
[2026-05-19 13:32:39,221: ERROR: model_training_pipeline: "'ConfigBox' object has no attribute 'model_path'"]
Traceback (most recent call last):
  File "box/box.py", line 605, in box.box.Box.__getitem__
KeyError: 'model_path'

The above exception was the direct cause of the following exception:

Traceback (most recent call last):
  File "box/box.py", line 644, in box.box.Box.__getattr__
  File "box/box.py", line 632, in box.box.Box.__getitem__
box.exceptions.BoxKeyError: "'model_path'"

During handling of the above exception, another exception occurred:

Traceback (most recent call last):
  File "box/box.py", line 646, in box.box.Box.__getattr__
AttributeError: 'ConfigBox' object has no attribute 'model_path'

The above exception was the direct cause of the following exception:

Traceback (most recent call last):
  File "box/config_box.py", line 29, in box.config_box.ConfigBox.__getattr__
  File "box/box.py", line 660, in box.box.Box.__getattr__
box.exceptions.BoxKeyError: "'ConfigBox' object has no attribute 'model_path'"

During handling of the above exception, another exception occurred:

Traceback (most recent call last):
  File "box/box.py", line 605, in box.box.Box.__getitem__
KeyError: 'model_path'

The above exception was the direct cause of the following exception:

Traceback (most recent call last):
  File "box/box.py", line 644, in box.box.Box.__getattr__
  File "box/box.py", line 632, in box.box.Box.__getitem__
box.exceptions.BoxKeyError: "'model_path'"

During handling of the above exception, another exception occurred:

Traceback (most recent call last):
  File "box/box.py", line 646, in box.box.Box.__getattr__
AttributeError: 'ConfigBox' object has no attribute 'model_path'

The above exception was the direct cause of the following exception:

Traceback (most recent call last):
  File "E:\PROJECT\lap price pred\src\laptop_price_prediction\pipeline\model_training_pipeline.py", line 17, in InitiateModelTrainerPipeline
    model_trainer_config = config.get_model_trainer_config()
  File "E:\PROJECT\lap price pred\src\laptop_price_prediction\config\configuration.py", line 71, in get_model_trainer_config
    model_path = config.model_path,
  File "box/config_box.py", line 31, in box.config_box.ConfigBox.__getattr__
  File "box/box.py", line 660, in box.box.Box.__getattr__
box.exceptions.BoxKeyError: "'ConfigBox' object has no attribute 'model_path'"
[2026-05-19 13:32:39,222: ERROR: main: "'ConfigBox' object has no attribute 'model_path'"]
Traceback (most recent call last):
  File "box/box.py", line 605, in box.box.Box.__getitem__
KeyError: 'model_path'

The above exception was the direct cause of the following exception:

Traceback (most recent call last):
  File "box/box.py", line 644, in box.box.Box.__getattr__
  File "box/box.py", line 632, in box.box.Box.__getitem__
box.exceptions.BoxKeyError: "'model_path'"

During handling of the above exception, another exception occurred:

Traceback (most recent call last):
  File "box/box.py", line 646, in box.box.Box.__getattr__
AttributeError: 'ConfigBox' object has no attribute 'model_path'

The above exception was the direct cause of the following exception:

Traceback (most recent call last):
  File "box/config_box.py", line 29, in box.config_box.ConfigBox.__getattr__
  File "box/box.py", line 660, in box.box.Box.__getattr__
box.exceptions.BoxKeyError: "'ConfigBox' object has no attribute 'model_path'"

During handling of the above exception, another exception occurred:

Traceback (most recent call last):
  File "box/box.py", line 605, in box.box.Box.__getitem__
KeyError: 'model_path'

The above exception was the direct cause of the following exception:

Traceback (most recent call last):
  File "box/box.py", line 644, in box.box.Box.__getattr__
  File "box/box.py", line 632, in box.box.Box.__getitem__
box.exceptions.BoxKeyError: "'model_path'"

During handling of the above exception, another exception occurred:

Traceback (most recent call last):
  File "box/box.py", line 646, in box.box.Box.__getattr__
AttributeError: 'ConfigBox' object has no attribute 'model_path'

The above exception was the direct cause of the following exception:

Traceback (most recent call last):
  File "E:\PROJECT\lap price pred\main.py", line 44, in <module>
    obj.InitiateModelTrainerPipeline()
  File "E:\PROJECT\lap price pred\src\laptop_price_prediction\pipeline\model_training_pipeline.py", line 23, in InitiateModelTrainerPipeline
    raise e
  File "E:\PROJECT\lap price pred\src\laptop_price_prediction\pipeline\model_training_pipeline.py", line 17, in InitiateModelTrainerPipeline
    model_trainer_config = config.get_model_trainer_config()
  File "E:\PROJECT\lap price pred\src\laptop_price_prediction\config\configuration.py", line 71, in get_model_trainer_config
    model_path = config.model_path,
  File "box/config_box.py", line 31, in box.config_box.ConfigBox.__getattr__
  File "box/box.py", line 660, in box.box.Box.__getattr__
box.exceptions.BoxKeyError: "'ConfigBox' object has no attribute 'model_path'"
[2026-05-19 13:34:59,537: INFO: main: >>>>>>> stage Data Ingestion Stage started <<<<<<<]
[2026-05-19 13:34:59,541: INFO: common: yaml file: config\config.yaml loaded successfully]
[2026-05-19 13:34:59,542: INFO: common: yaml file: params.yaml loaded successfully]
[2026-05-19 13:34:59,544: INFO: common: yaml file: schema.yaml loaded successfully]
[2026-05-19 13:34:59,546: INFO: common: created directory at: artifacts]
[2026-05-19 13:34:59,546: INFO: common: created directory at: artifacts/data_ingestion]
[2026-05-19 13:34:59,546: INFO: data_ingestion: File already exists]
[2026-05-19 13:34:59,548: INFO: data_ingestion_pipeline: >>>>>>> stage Data Ingestion Stage completed <<<<<<<

x==========x]
[2026-05-19 13:34:59,548: INFO: main: >>>>>>> stage Data Ingestion Stage completed <<<<<<<

x==========x]
[2026-05-19 13:34:59,548: INFO: main: >>>>>>> stage Data Validation Stage started <<<<<<<]
[2026-05-19 13:34:59,552: INFO: common: yaml file: config\config.yaml loaded successfully]
[2026-05-19 13:34:59,553: INFO: common: yaml file: params.yaml loaded successfully]
[2026-05-19 13:34:59,556: INFO: common: yaml file: schema.yaml loaded successfully]
[2026-05-19 13:34:59,556: INFO: common: created directory at: artifacts]
[2026-05-19 13:34:59,556: INFO: common: created directory at: artifacts/data_validation]
[2026-05-19 13:34:59,563: ERROR: data_validation: 'Index' object has no attribute 'lower']
Traceback (most recent call last):
  File "E:\PROJECT\lap price pred\src\laptop_price_prediction\components\data_validation.py", line 19, in validate_data
    actual_columns = set(data.columns.lower())
AttributeError: 'Index' object has no attribute 'lower'
[2026-05-19 13:34:59,564: INFO: main: >>>>>>> stage Data Validation Stage completed <<<<<<<

x==========x]
[2026-05-19 13:34:59,564: INFO: main: >>>>>>> stage Data Transformation Stage started <<<<<<<]
[2026-05-19 13:34:59,567: INFO: common: yaml file: config\config.yaml loaded successfully]
[2026-05-19 13:34:59,569: INFO: common: yaml file: params.yaml loaded successfully]
[2026-05-19 13:34:59,570: INFO: common: yaml file: schema.yaml loaded successfully]
[2026-05-19 13:34:59,571: INFO: common: created directory at: artifacts]
[2026-05-19 13:34:59,571: INFO: common: created directory at: artifacts/data_transformation]
[2026-05-19 13:34:59,627: INFO: data_transformation: Data transformation successful!]
[2026-05-19 13:34:59,680: INFO: data_transformation: Data transformation successful!]
[2026-05-19 13:34:59,695: INFO: data_transformation: Data split successful!]
[2026-05-19 13:34:59,695: INFO: main: >>>>>>> stage Data Transformation Stage completed <<<<<<<

x==========x]
[2026-05-19 13:34:59,696: INFO: main: >>>>>>> stage Model Trainer Stage started <<<<<<<]
[2026-05-19 13:34:59,699: INFO: common: yaml file: config\config.yaml loaded successfully]
[2026-05-19 13:34:59,700: INFO: common: yaml file: params.yaml loaded successfully]
[2026-05-19 13:34:59,702: INFO: common: yaml file: schema.yaml loaded successfully]
[2026-05-19 13:34:59,702: INFO: common: created directory at: artifacts]
[2026-05-19 13:34:59,703: INFO: common: created directory at: artifacts/model_trainer]
[2026-05-19 13:34:59,703: ERROR: model_training_pipeline: ModelTrainerConfig.__init__() missing 1 required positional argument: 'model_path']
Traceback (most recent call last):
  File "E:\PROJECT\lap price pred\src\laptop_price_prediction\pipeline\model_training_pipeline.py", line 17, in InitiateModelTrainerPipeline
    model_trainer_config = config.get_model_trainer_config()
  File "E:\PROJECT\lap price pred\src\laptop_price_prediction\config\configuration.py", line 58, in get_model_trainer_config
    model_trainer_config = ModelTrainerConfig(
TypeError: ModelTrainerConfig.__init__() missing 1 required positional argument: 'model_path'
[2026-05-19 13:34:59,703: ERROR: main: ModelTrainerConfig.__init__() missing 1 required positional argument: 'model_path']
Traceback (most recent call last):
  File "E:\PROJECT\lap price pred\main.py", line 44, in <module>
    obj.InitiateModelTrainerPipeline()
  File "E:\PROJECT\lap price pred\src\laptop_price_prediction\pipeline\model_training_pipeline.py", line 23, in InitiateModelTrainerPipeline
    raise e
  File "E:\PROJECT\lap price pred\src\laptop_price_prediction\pipeline\model_training_pipeline.py", line 17, in InitiateModelTrainerPipeline
    model_trainer_config = config.get_model_trainer_config()
  File "E:\PROJECT\lap price pred\src\laptop_price_prediction\config\configuration.py", line 58, in get_model_trainer_config
    model_trainer_config = ModelTrainerConfig(
TypeError: ModelTrainerConfig.__init__() missing 1 required positional argument: 'model_path'
[2026-05-19 13:35:50,148: INFO: main: >>>>>>> stage Data Ingestion Stage started <<<<<<<]
[2026-05-19 13:35:50,152: INFO: common: yaml file: config\config.yaml loaded successfully]
[2026-05-19 13:35:50,153: INFO: common: yaml file: params.yaml loaded successfully]
[2026-05-19 13:35:50,155: INFO: common: yaml file: schema.yaml loaded successfully]
[2026-05-19 13:35:50,155: INFO: common: created directory at: artifacts]
[2026-05-19 13:35:50,156: INFO: common: created directory at: artifacts/data_ingestion]
[2026-05-19 13:35:50,156: INFO: data_ingestion: File already exists]
[2026-05-19 13:35:50,157: INFO: data_ingestion_pipeline: >>>>>>> stage Data Ingestion Stage completed <<<<<<<

x==========x]
[2026-05-19 13:35:50,158: INFO: main: >>>>>>> stage Data Ingestion Stage completed <<<<<<<

x==========x]
[2026-05-19 13:35:50,158: INFO: main: >>>>>>> stage Data Validation Stage started <<<<<<<]
[2026-05-19 13:35:50,161: INFO: common: yaml file: config\config.yaml loaded successfully]
[2026-05-19 13:35:50,162: INFO: common: yaml file: params.yaml loaded successfully]
[2026-05-19 13:35:50,164: INFO: common: yaml file: schema.yaml loaded successfully]
[2026-05-19 13:35:50,164: INFO: common: created directory at: artifacts]
[2026-05-19 13:35:50,166: INFO: common: created directory at: artifacts/data_validation]
[2026-05-19 13:35:50,172: ERROR: data_validation: 'Index' object has no attribute 'lower']
Traceback (most recent call last):
  File "E:\PROJECT\lap price pred\src\laptop_price_prediction\components\data_validation.py", line 19, in validate_data
    actual_columns = set(data.columns.lower())
AttributeError: 'Index' object has no attribute 'lower'
[2026-05-19 13:35:50,173: INFO: main: >>>>>>> stage Data Validation Stage completed <<<<<<<

x==========x]
[2026-05-19 13:35:50,173: INFO: main: >>>>>>> stage Data Transformation Stage started <<<<<<<]
[2026-05-19 13:35:50,176: INFO: common: yaml file: config\config.yaml loaded successfully]
[2026-05-19 13:35:50,178: INFO: common: yaml file: params.yaml loaded successfully]
[2026-05-19 13:35:50,179: INFO: common: yaml file: schema.yaml loaded successfully]
[2026-05-19 13:35:50,180: INFO: common: created directory at: artifacts]
[2026-05-19 13:35:50,180: INFO: common: created directory at: artifacts/data_transformation]
[2026-05-19 13:35:50,243: INFO: data_transformation: Data transformation successful!]
[2026-05-19 13:35:50,296: INFO: data_transformation: Data transformation successful!]
[2026-05-19 13:35:50,312: INFO: data_transformation: Data split successful!]
[2026-05-19 13:35:50,312: INFO: main: >>>>>>> stage Data Transformation Stage completed <<<<<<<

x==========x]
[2026-05-19 13:35:50,312: INFO: main: >>>>>>> stage Model Trainer Stage started <<<<<<<]
[2026-05-19 13:35:50,315: INFO: common: yaml file: config\config.yaml loaded successfully]
[2026-05-19 13:35:50,317: INFO: common: yaml file: params.yaml loaded successfully]
[2026-05-19 13:35:50,318: INFO: common: yaml file: schema.yaml loaded successfully]
[2026-05-19 13:35:50,319: INFO: common: created directory at: artifacts]
[2026-05-19 13:35:50,319: INFO: common: created directory at: artifacts/model_trainer]
[2026-05-19 13:35:50,319: INFO: model_trainer: Loading training data...]
[2026-05-19 13:35:50,324: INFO: model_trainer: Loading testing data...]
[2026-05-19 13:35:50,328: INFO: model_trainer: Training the XGBoost model...]
[2026-05-19 13:35:51,923: INFO: model_trainer: Saving the trained model...]
[2026-05-19 13:35:51,989: INFO: main: >>>>>>> stage Model Trainer Stage completed <<<<<<<

x==========x]
[2026-05-19 15:47:08,982: INFO: main: >>>>>>> stage Data Ingestion Stage started <<<<<<<]
[2026-05-19 15:47:08,985: INFO: common: yaml file: config\config.yaml loaded successfully]
[2026-05-19 15:47:08,987: INFO: common: yaml file: params.yaml loaded successfully]
[2026-05-19 15:47:08,988: INFO: common: yaml file: schema.yaml loaded successfully]
[2026-05-19 15:47:08,989: INFO: common: created directory at: artifacts]
[2026-05-19 15:47:08,989: INFO: common: created directory at: artifacts/data_ingestion]
[2026-05-19 15:47:08,990: INFO: data_ingestion: File already exists]
[2026-05-19 15:47:08,992: INFO: data_ingestion_pipeline: >>>>>>> stage Data Ingestion Stage completed <<<<<<<

x==========x]
[2026-05-19 15:47:08,992: INFO: main: >>>>>>> stage Data Ingestion Stage completed <<<<<<<

x==========x]
[2026-05-19 15:47:08,992: INFO: main: >>>>>>> stage Data Validation Stage started <<<<<<<]
[2026-05-19 15:47:08,995: INFO: common: yaml file: config\config.yaml loaded successfully]
[2026-05-19 15:47:08,997: INFO: common: yaml file: params.yaml loaded successfully]
[2026-05-19 15:47:08,999: INFO: common: yaml file: schema.yaml loaded successfully]
[2026-05-19 15:47:08,999: INFO: common: created directory at: artifacts]
[2026-05-19 15:47:08,999: INFO: common: created directory at: artifacts/data_validation]
[2026-05-19 15:47:09,006: ERROR: data_validation: 'Index' object has no attribute 'lower']
Traceback (most recent call last):
  File "E:\PROJECT\lap price pred\src\laptop_price_prediction\components\data_validation.py", line 19, in validate_data
    actual_columns = set(data.columns.lower())
AttributeError: 'Index' object has no attribute 'lower'
[2026-05-19 15:47:09,009: INFO: main: >>>>>>> stage Data Validation Stage completed <<<<<<<

x==========x]
[2026-05-19 15:47:09,009: INFO: main: >>>>>>> stage Data Transformation Stage started <<<<<<<]
[2026-05-19 15:47:09,012: INFO: common: yaml file: config\config.yaml loaded successfully]
[2026-05-19 15:47:09,014: INFO: common: yaml file: params.yaml loaded successfully]
[2026-05-19 15:47:09,015: INFO: common: yaml file: schema.yaml loaded successfully]
[2026-05-19 15:47:09,016: INFO: common: created directory at: artifacts]
[2026-05-19 15:47:09,016: INFO: common: created directory at: artifacts/data_transformation]
[2026-05-19 15:47:09,072: INFO: data_transformation: Data transformation successful!]
[2026-05-19 15:47:09,131: INFO: data_transformation: Data transformation successful!]
[2026-05-19 15:47:09,156: INFO: data_transformation: Data split successful!]
[2026-05-19 15:47:09,157: INFO: main: >>>>>>> stage Data Transformation Stage completed <<<<<<<

x==========x]
[2026-05-19 15:47:09,157: INFO: main: >>>>>>> stage Model Trainer Stage started <<<<<<<]
[2026-05-19 15:47:09,160: INFO: common: yaml file: config\config.yaml loaded successfully]
[2026-05-19 15:47:09,161: INFO: common: yaml file: params.yaml loaded successfully]
[2026-05-19 15:47:09,163: INFO: common: yaml file: schema.yaml loaded successfully]
[2026-05-19 15:47:09,163: INFO: common: created directory at: artifacts]
[2026-05-19 15:47:09,164: INFO: common: created directory at: artifacts/model_trainer]
[2026-05-19 15:47:09,164: INFO: model_trainer: Loading training data...]
[2026-05-19 15:47:09,168: INFO: model_trainer: Loading testing data...]
[2026-05-19 15:47:09,172: INFO: model_trainer: Training the XGBoost model...]
[2026-05-19 15:47:10,568: INFO: model_trainer: Saving the trained model...]
[2026-05-19 15:47:10,617: INFO: main: >>>>>>> stage Model Trainer Stage completed <<<<<<<

x==========x]
[2026-05-19 15:47:10,617: INFO: main: >>>>>>> stage Model Evaluation Stage started <<<<<<<]
[2026-05-19 15:47:10,621: INFO: common: yaml file: config\config.yaml loaded successfully]
[2026-05-19 15:47:10,623: INFO: common: yaml file: params.yaml loaded successfully]
[2026-05-19 15:47:10,626: INFO: common: yaml file: schema.yaml loaded successfully]
[2026-05-19 15:47:10,627: INFO: common: created directory at: artifacts]
[2026-05-19 15:47:10,627: INFO: common: created directory at: artifacts/model_evaluation]
[2026-05-19 15:47:10,632: ERROR: main: name 'config' is not defined]
Traceback (most recent call last):
  File "E:\PROJECT\lap price pred\main.py", line 56, in <module>
    obj.InitiateModelEvaluation()
  File "E:\PROJECT\lap price pred\src\laptop_price_prediction\pipeline\model_evaluation_pipeline.py", line 16, in InitiateModelEvaluation
    model_eval.log_into_mlflow()
  File "E:\PROJECT\lap price pred\src\laptop_price_prediction\components\model_evaluation.py", line 34, in log_into_mlflow
    mlflow.set_registry_uri(config.registry_uri)
NameError: name 'config' is not defined
[2026-05-19 15:51:11,213: INFO: main: >>>>>>> stage Data Ingestion Stage started <<<<<<<]
[2026-05-19 15:51:11,216: INFO: common: yaml file: config\config.yaml loaded successfully]
[2026-05-19 15:51:11,218: INFO: common: yaml file: params.yaml loaded successfully]
[2026-05-19 15:51:11,220: INFO: common: yaml file: schema.yaml loaded successfully]
[2026-05-19 15:51:11,220: INFO: common: created directory at: artifacts]
[2026-05-19 15:51:11,220: INFO: common: created directory at: artifacts/data_ingestion]
[2026-05-19 15:51:11,221: INFO: data_ingestion: File already exists]
[2026-05-19 15:51:11,222: INFO: data_ingestion_pipeline: >>>>>>> stage Data Ingestion Stage completed <<<<<<<

x==========x]
[2026-05-19 15:51:11,222: INFO: main: >>>>>>> stage Data Ingestion Stage completed <<<<<<<

x==========x]
[2026-05-19 15:51:11,222: INFO: main: >>>>>>> stage Data Validation Stage started <<<<<<<]
[2026-05-19 15:51:11,226: INFO: common: yaml file: config\config.yaml loaded successfully]
[2026-05-19 15:51:11,227: INFO: common: yaml file: params.yaml loaded successfully]
[2026-05-19 15:51:11,229: INFO: common: yaml file: schema.yaml loaded successfully]
[2026-05-19 15:51:11,229: INFO: common: created directory at: artifacts]
[2026-05-19 15:51:11,230: INFO: common: created directory at: artifacts/data_validation]
[2026-05-19 15:51:11,237: ERROR: data_validation: 'Index' object has no attribute 'lower']
Traceback (most recent call last):
  File "E:\PROJECT\lap price pred\src\laptop_price_prediction\components\data_validation.py", line 19, in validate_data
    actual_columns = set(data.columns.lower())
AttributeError: 'Index' object has no attribute 'lower'
[2026-05-19 15:51:11,240: INFO: main: >>>>>>> stage Data Validation Stage completed <<<<<<<

x==========x]
[2026-05-19 15:51:11,240: INFO: main: >>>>>>> stage Data Transformation Stage started <<<<<<<]
[2026-05-19 15:51:11,243: INFO: common: yaml file: config\config.yaml loaded successfully]
[2026-05-19 15:51:11,245: INFO: common: yaml file: params.yaml loaded successfully]
[2026-05-19 15:51:11,247: INFO: common: yaml file: schema.yaml loaded successfully]
[2026-05-19 15:51:11,247: INFO: common: created directory at: artifacts]
[2026-05-19 15:51:11,247: INFO: common: created directory at: artifacts/data_transformation]
[2026-05-19 15:51:11,303: INFO: data_transformation: Data transformation successful!]
[2026-05-19 15:51:11,354: INFO: data_transformation: Data transformation successful!]
[2026-05-19 15:51:11,369: INFO: data_transformation: Data split successful!]
[2026-05-19 15:51:11,370: INFO: main: >>>>>>> stage Data Transformation Stage completed <<<<<<<

x==========x]
[2026-05-19 15:51:11,370: INFO: main: >>>>>>> stage Model Trainer Stage started <<<<<<<]
[2026-05-19 15:51:11,373: INFO: common: yaml file: config\config.yaml loaded successfully]
[2026-05-19 15:51:11,375: INFO: common: yaml file: params.yaml loaded successfully]
[2026-05-19 15:51:11,377: INFO: common: yaml file: schema.yaml loaded successfully]
[2026-05-19 15:51:11,377: INFO: common: created directory at: artifacts]
[2026-05-19 15:51:11,377: INFO: common: created directory at: artifacts/model_trainer]
[2026-05-19 15:51:11,378: INFO: model_trainer: Loading training data...]
[2026-05-19 15:51:11,382: INFO: model_trainer: Loading testing data...]
[2026-05-19 15:51:11,385: INFO: model_trainer: Training the XGBoost model...]
[2026-05-19 15:51:12,768: INFO: model_trainer: Saving the trained model...]
[2026-05-19 15:51:12,824: INFO: main: >>>>>>> stage Model Trainer Stage completed <<<<<<<

x==========x]
[2026-05-19 15:51:12,824: INFO: main: >>>>>>> stage Model Evaluation Stage started <<<<<<<]
[2026-05-19 15:51:12,829: INFO: common: yaml file: config\config.yaml loaded successfully]
[2026-05-19 15:51:12,831: INFO: common: yaml file: params.yaml loaded successfully]
[2026-05-19 15:51:12,835: INFO: common: yaml file: schema.yaml loaded successfully]
[2026-05-19 15:51:12,835: INFO: common: created directory at: artifacts]
[2026-05-19 15:51:12,836: INFO: common: created directory at: artifacts/model_evaluation]
[2026-05-19 15:51:15,199: ERROR: main: 'ModelEvaluator' object has no attribute 'metric_file_name']
Traceback (most recent call last):
  File "E:\PROJECT\lap price pred\main.py", line 56, in <module>
    obj.InitiateModelEvaluation()
  File "E:\PROJECT\lap price pred\src\laptop_price_prediction\pipeline\model_evaluation_pipeline.py", line 16, in InitiateModelEvaluation
    model_eval.log_into_mlflow()
  File "E:\PROJECT\lap price pred\src\laptop_price_prediction\components\model_evaluation.py", line 43, in log_into_mlflow
    save_json(path= Path(self.metric_file_name), data=scores)
AttributeError: 'ModelEvaluator' object has no attribute 'metric_file_name'
[2026-05-19 15:53:17,370: INFO: main: >>>>>>> stage Data Ingestion Stage started <<<<<<<]
[2026-05-19 15:53:17,373: INFO: common: yaml file: config\config.yaml loaded successfully]
[2026-05-19 15:53:17,374: INFO: common: yaml file: params.yaml loaded successfully]
[2026-05-19 15:53:17,376: INFO: common: yaml file: schema.yaml loaded successfully]
[2026-05-19 15:53:17,377: INFO: common: created directory at: artifacts]
[2026-05-19 15:53:17,377: INFO: common: created directory at: artifacts/data_ingestion]
[2026-05-19 15:53:17,377: INFO: data_ingestion: File already exists]
[2026-05-19 15:53:17,380: INFO: data_ingestion_pipeline: >>>>>>> stage Data Ingestion Stage completed <<<<<<<

x==========x]
[2026-05-19 15:53:17,380: INFO: main: >>>>>>> stage Data Ingestion Stage completed <<<<<<<

x==========x]
[2026-05-19 15:53:17,380: INFO: main: >>>>>>> stage Data Validation Stage started <<<<<<<]
[2026-05-19 15:53:17,384: INFO: common: yaml file: config\config.yaml loaded successfully]
[2026-05-19 15:53:17,385: INFO: common: yaml file: params.yaml loaded successfully]
[2026-05-19 15:53:17,387: INFO: common: yaml file: schema.yaml loaded successfully]
[2026-05-19 15:53:17,388: INFO: common: created directory at: artifacts]
[2026-05-19 15:53:17,388: INFO: common: created directory at: artifacts/data_validation]
[2026-05-19 15:53:17,395: ERROR: data_validation: 'Index' object has no attribute 'lower']
Traceback (most recent call last):
  File "E:\PROJECT\lap price pred\src\laptop_price_prediction\components\data_validation.py", line 19, in validate_data
    actual_columns = set(data.columns.lower())
AttributeError: 'Index' object has no attribute 'lower'
[2026-05-19 15:53:17,398: INFO: main: >>>>>>> stage Data Validation Stage completed <<<<<<<

x==========x]
[2026-05-19 15:53:17,398: INFO: main: >>>>>>> stage Data Transformation Stage started <<<<<<<]
[2026-05-19 15:53:17,401: INFO: common: yaml file: config\config.yaml loaded successfully]
[2026-05-19 15:53:17,403: INFO: common: yaml file: params.yaml loaded successfully]
[2026-05-19 15:53:17,405: INFO: common: yaml file: schema.yaml loaded successfully]
[2026-05-19 15:53:17,406: INFO: common: created directory at: artifacts]
[2026-05-19 15:53:17,406: INFO: common: created directory at: artifacts/data_transformation]
[2026-05-19 15:53:17,460: INFO: data_transformation: Data transformation successful!]
[2026-05-19 15:53:17,512: INFO: data_transformation: Data transformation successful!]
[2026-05-19 15:53:17,527: INFO: data_transformation: Data split successful!]
[2026-05-19 15:53:17,528: INFO: main: >>>>>>> stage Data Transformation Stage completed <<<<<<<

x==========x]
[2026-05-19 15:53:17,528: INFO: main: >>>>>>> stage Model Trainer Stage started <<<<<<<]
[2026-05-19 15:53:17,531: INFO: common: yaml file: config\config.yaml loaded successfully]
[2026-05-19 15:53:17,534: INFO: common: yaml file: params.yaml loaded successfully]
[2026-05-19 15:53:17,535: INFO: common: yaml file: schema.yaml loaded successfully]
[2026-05-19 15:53:17,536: INFO: common: created directory at: artifacts]
[2026-05-19 15:53:17,536: INFO: common: created directory at: artifacts/model_trainer]
[2026-05-19 15:53:17,536: INFO: model_trainer: Loading training data...]
[2026-05-19 15:53:17,541: INFO: model_trainer: Loading testing data...]
[2026-05-19 15:53:17,543: INFO: model_trainer: Training the XGBoost model...]
[2026-05-19 15:53:18,933: INFO: model_trainer: Saving the trained model...]
[2026-05-19 15:53:18,992: INFO: main: >>>>>>> stage Model Trainer Stage completed <<<<<<<

x==========x]
[2026-05-19 15:53:18,993: INFO: main: >>>>>>> stage Model Evaluation Stage started <<<<<<<]
[2026-05-19 15:53:18,997: INFO: common: yaml file: config\config.yaml loaded successfully]
[2026-05-19 15:53:18,999: INFO: common: yaml file: params.yaml loaded successfully]
[2026-05-19 15:53:19,002: INFO: common: yaml file: schema.yaml loaded successfully]
[2026-05-19 15:53:19,002: INFO: common: created directory at: artifacts]
[2026-05-19 15:53:19,003: INFO: common: created directory at: artifacts/model_evaluation]
[2026-05-19 15:53:21,133: ERROR: main: 'ModelEvaluator' object has no attribute 'config']
Traceback (most recent call last):
  File "E:\PROJECT\lap price pred\main.py", line 56, in <module>
    obj.InitiateModelEvaluation()
  File "E:\PROJECT\lap price pred\src\laptop_price_prediction\pipeline\model_evaluation_pipeline.py", line 16, in InitiateModelEvaluation
    model_eval.log_into_mlflow()
  File "E:\PROJECT\lap price pred\src\laptop_price_prediction\components\model_evaluation.py", line 43, in log_into_mlflow
    save_json(path= Path(self.config.metric_file_name), data=scores)
AttributeError: 'ModelEvaluator' object has no attribute 'config'
[2026-05-19 15:54:39,760: INFO: main: >>>>>>> stage Data Ingestion Stage started <<<<<<<]
[2026-05-19 15:54:39,763: INFO: common: yaml file: config\config.yaml loaded successfully]
[2026-05-19 15:54:39,765: INFO: common: yaml file: params.yaml loaded successfully]
[2026-05-19 15:54:39,766: INFO: common: yaml file: schema.yaml loaded successfully]
[2026-05-19 15:54:39,767: INFO: common: created directory at: artifacts]
[2026-05-19 15:54:39,767: INFO: common: created directory at: artifacts/data_ingestion]
[2026-05-19 15:54:39,768: INFO: data_ingestion: File already exists]
[2026-05-19 15:54:39,769: INFO: data_ingestion_pipeline: >>>>>>> stage Data Ingestion Stage completed <<<<<<<

x==========x]
[2026-05-19 15:54:39,769: INFO: main: >>>>>>> stage Data Ingestion Stage completed <<<<<<<

x==========x]
[2026-05-19 15:54:39,771: INFO: main: >>>>>>> stage Data Validation Stage started <<<<<<<]
[2026-05-19 15:54:39,773: INFO: common: yaml file: config\config.yaml loaded successfully]
[2026-05-19 15:54:39,775: INFO: common: yaml file: params.yaml loaded successfully]
[2026-05-19 15:54:39,776: INFO: common: yaml file: schema.yaml loaded successfully]
[2026-05-19 15:54:39,777: INFO: common: created directory at: artifacts]
[2026-05-19 15:54:39,777: INFO: common: created directory at: artifacts/data_validation]
[2026-05-19 15:54:39,785: ERROR: data_validation: 'Index' object has no attribute 'lower']
Traceback (most recent call last):
  File "E:\PROJECT\lap price pred\src\laptop_price_prediction\components\data_validation.py", line 19, in validate_data
    actual_columns = set(data.columns.lower())
AttributeError: 'Index' object has no attribute 'lower'
[2026-05-19 15:54:39,787: INFO: main: >>>>>>> stage Data Validation Stage completed <<<<<<<

x==========x]
[2026-05-19 15:54:39,787: INFO: main: >>>>>>> stage Data Transformation Stage started <<<<<<<]
[2026-05-19 15:54:39,791: INFO: common: yaml file: config\config.yaml loaded successfully]
[2026-05-19 15:54:39,792: INFO: common: yaml file: params.yaml loaded successfully]
[2026-05-19 15:54:39,793: INFO: common: yaml file: schema.yaml loaded successfully]
[2026-05-19 15:54:39,794: INFO: common: created directory at: artifacts]
[2026-05-19 15:54:39,794: INFO: common: created directory at: artifacts/data_transformation]
[2026-05-19 15:54:39,848: INFO: data_transformation: Data transformation successful!]
[2026-05-19 15:54:39,900: INFO: data_transformation: Data transformation successful!]
[2026-05-19 15:54:39,917: INFO: data_transformation: Data split successful!]
[2026-05-19 15:54:39,917: INFO: main: >>>>>>> stage Data Transformation Stage completed <<<<<<<

x==========x]
[2026-05-19 15:54:39,917: INFO: main: >>>>>>> stage Model Trainer Stage started <<<<<<<]
[2026-05-19 15:54:39,921: INFO: common: yaml file: config\config.yaml loaded successfully]
[2026-05-19 15:54:39,922: INFO: common: yaml file: params.yaml loaded successfully]
[2026-05-19 15:54:39,925: INFO: common: yaml file: schema.yaml loaded successfully]
[2026-05-19 15:54:39,925: INFO: common: created directory at: artifacts]
[2026-05-19 15:54:39,926: INFO: common: created directory at: artifacts/model_trainer]
[2026-05-19 15:54:39,926: INFO: model_trainer: Loading training data...]
[2026-05-19 15:54:39,931: INFO: model_trainer: Loading testing data...]
[2026-05-19 15:54:39,933: INFO: model_trainer: Training the XGBoost model...]
[2026-05-19 15:54:41,306: INFO: model_trainer: Saving the trained model...]
[2026-05-19 15:54:41,358: INFO: main: >>>>>>> stage Model Trainer Stage completed <<<<<<<

x==========x]
[2026-05-19 15:54:41,359: INFO: main: >>>>>>> stage Model Evaluation Stage started <<<<<<<]
[2026-05-19 15:54:41,363: INFO: common: yaml file: config\config.yaml loaded successfully]
[2026-05-19 15:54:41,365: INFO: common: yaml file: params.yaml loaded successfully]
[2026-05-19 15:54:41,368: INFO: common: yaml file: schema.yaml loaded successfully]
[2026-05-19 15:54:41,368: INFO: common: created directory at: artifacts]
[2026-05-19 15:54:41,369: INFO: common: created directory at: artifacts/model_evaluation]
[2026-05-19 15:54:42,704: INFO: common: json file saved at: artifacts\model_evaluation\metrics.json]
[2026-05-19 15:54:43,674: ERROR: main: 'str' object has no attribute 'items']
Traceback (most recent call last):
  File "E:\PROJECT\lap price pred\main.py", line 56, in <module>
    obj.InitiateModelEvaluation()
  File "E:\PROJECT\lap price pred\src\laptop_price_prediction\pipeline\model_evaluation_pipeline.py", line 16, in InitiateModelEvaluation
    model_eval.log_into_mlflow()
  File "E:\PROJECT\lap price pred\src\laptop_price_prediction\components\model_evaluation.py", line 47, in log_into_mlflow
    mlflow.log_metrics("mse", mse)
  File "E:\PROJECT\lap price pred\venv\lib\site-packages\mlflow\tracking\fluent.py", line 1352, in log_metrics
    for key, value in metrics.items()
AttributeError: 'str' object has no attribute 'items'
[2026-05-19 15:56:41,893: INFO: main: >>>>>>> stage Data Ingestion Stage started <<<<<<<]
[2026-05-19 15:56:41,896: INFO: common: yaml file: config\config.yaml loaded successfully]
[2026-05-19 15:56:41,898: INFO: common: yaml file: params.yaml loaded successfully]
[2026-05-19 15:56:41,899: INFO: common: yaml file: schema.yaml loaded successfully]
[2026-05-19 15:56:41,900: INFO: common: created directory at: artifacts]
[2026-05-19 15:56:41,900: INFO: common: created directory at: artifacts/data_ingestion]
[2026-05-19 15:56:41,901: INFO: data_ingestion: File already exists]
[2026-05-19 15:56:41,903: INFO: data_ingestion_pipeline: >>>>>>> stage Data Ingestion Stage completed <<<<<<<

x==========x]
[2026-05-19 15:56:41,903: INFO: main: >>>>>>> stage Data Ingestion Stage completed <<<<<<<

x==========x]
[2026-05-19 15:56:41,903: INFO: main: >>>>>>> stage Data Validation Stage started <<<<<<<]
[2026-05-19 15:56:41,906: INFO: common: yaml file: config\config.yaml loaded successfully]
[2026-05-19 15:56:41,908: INFO: common: yaml file: params.yaml loaded successfully]
[2026-05-19 15:56:41,909: INFO: common: yaml file: schema.yaml loaded successfully]
[2026-05-19 15:56:41,910: INFO: common: created directory at: artifacts]
[2026-05-19 15:56:41,910: INFO: common: created directory at: artifacts/data_validation]
[2026-05-19 15:56:41,918: ERROR: data_validation: 'Index' object has no attribute 'lower']
Traceback (most recent call last):
  File "E:\PROJECT\lap price pred\src\laptop_price_prediction\components\data_validation.py", line 19, in validate_data
    actual_columns = set(data.columns.lower())
AttributeError: 'Index' object has no attribute 'lower'
[2026-05-19 15:56:41,920: INFO: main: >>>>>>> stage Data Validation Stage completed <<<<<<<

x==========x]
[2026-05-19 15:56:41,921: INFO: main: >>>>>>> stage Data Transformation Stage started <<<<<<<]
[2026-05-19 15:56:41,923: INFO: common: yaml file: config\config.yaml loaded successfully]
[2026-05-19 15:56:41,925: INFO: common: yaml file: params.yaml loaded successfully]
[2026-05-19 15:56:41,927: INFO: common: yaml file: schema.yaml loaded successfully]
[2026-05-19 15:56:41,927: INFO: common: created directory at: artifacts]
[2026-05-19 15:56:41,927: INFO: common: created directory at: artifacts/data_transformation]
[2026-05-19 15:56:41,982: INFO: data_transformation: Data transformation successful!]
[2026-05-19 15:56:42,035: INFO: data_transformation: Data transformation successful!]
[2026-05-19 15:56:42,050: INFO: data_transformation: Data split successful!]
[2026-05-19 15:56:42,050: INFO: main: >>>>>>> stage Data Transformation Stage completed <<<<<<<

x==========x]
[2026-05-19 15:56:42,050: INFO: main: >>>>>>> stage Model Trainer Stage started <<<<<<<]
[2026-05-19 15:56:42,054: INFO: common: yaml file: config\config.yaml loaded successfully]
[2026-05-19 15:56:42,055: INFO: common: yaml file: params.yaml loaded successfully]
[2026-05-19 15:56:42,057: INFO: common: yaml file: schema.yaml loaded successfully]
[2026-05-19 15:56:42,057: INFO: common: created directory at: artifacts]
[2026-05-19 15:56:42,057: INFO: common: created directory at: artifacts/model_trainer]
[2026-05-19 15:56:42,058: INFO: model_trainer: Loading training data...]
[2026-05-19 15:56:42,062: INFO: model_trainer: Loading testing data...]
[2026-05-19 15:56:42,065: INFO: model_trainer: Training the XGBoost model...]
[2026-05-19 15:56:43,450: INFO: model_trainer: Saving the trained model...]
[2026-05-19 15:56:43,507: INFO: main: >>>>>>> stage Model Trainer Stage completed <<<<<<<

x==========x]
[2026-05-19 15:56:43,508: INFO: main: >>>>>>> stage Model Evaluation Stage started <<<<<<<]
[2026-05-19 15:56:43,513: INFO: common: yaml file: config\config.yaml loaded successfully]
[2026-05-19 15:56:43,515: INFO: common: yaml file: params.yaml loaded successfully]
[2026-05-19 15:56:43,518: INFO: common: yaml file: schema.yaml loaded successfully]
[2026-05-19 15:56:43,518: INFO: common: created directory at: artifacts]
[2026-05-19 15:56:43,519: INFO: common: created directory at: artifacts/model_evaluation]
[2026-05-19 15:56:45,030: INFO: common: json file saved at: artifacts\model_evaluation\metrics.json]
[2026-05-19 15:57:07,636: INFO: main: >>>>>>> stage Model Evaluation Stage completed <<<<<<<

x==========x]
[2026-05-19 16:38:06,903: INFO: _internal: [31m[1mWARNING: This is a development server. Do not use it in a production deployment. Use a production WSGI server instead.[0m
 * Running on http://127.0.0.1:5000]
[2026-05-19 16:38:06,904: INFO: _internal: [33mPress CTRL+C to quit[0m]
[2026-05-19 16:38:06,918: INFO: _internal:  * Restarting with stat]
[2026-05-19 16:38:07,754: WARNING: _internal:  * Debugger is active!]
[2026-05-19 16:38:07,757: INFO: _internal:  * Debugger PIN: 679-224-107]
[2026-05-19 16:38:11,529: INFO: _internal: 127.0.0.1 - - [19/May/2026 16:38:11] "GET / HTTP/1.1" 200 -]
[2026-05-19 16:38:11,602: INFO: _internal: 127.0.0.1 - - [19/May/2026 16:38:11] "GET /static/style.css HTTP/1.1" 200 -]
[2026-05-19 16:38:11,732: INFO: _internal: 127.0.0.1 - - [19/May/2026 16:38:11] "[33mGET /favicon.ico HTTP/1.1[0m" 404 -]
[2026-05-19 17:37:15,855: INFO: _internal: [31m[1mWARNING: This is a development server. Do not use it in a production deployment. Use a production WSGI server instead.[0m
 * Running on http://127.0.0.1:5000]
[2026-05-19 17:37:15,856: INFO: _internal: [33mPress CTRL+C to quit[0m]
[2026-05-19 17:37:15,857: INFO: _internal:  * Restarting with stat]
[2026-05-19 17:37:16,684: WARNING: _internal:  * Debugger is active!]
[2026-05-19 17:37:16,686: INFO: _internal:  * Debugger PIN: 679-224-107]
[2026-05-19 17:37:19,704: INFO: _internal: 127.0.0.1 - - [19/May/2026 17:37:19] "GET / HTTP/1.1" 200 -]
[2026-05-19 17:37:19,772: INFO: _internal: 127.0.0.1 - - [19/May/2026 17:37:19] "[36mGET /static/style.css HTTP/1.1[0m" 304 -]
[2026-05-19 17:38:18,799: INFO: _internal: 127.0.0.1 - - [19/May/2026 17:38:18] "POST /predict HTTP/1.1" 200 -]
[2026-05-19 17:38:18,811: INFO: _internal: 127.0.0.1 - - [19/May/2026 17:38:18] "[36mGET /static/style.css HTTP/1.1[0m" 304 -]
[2026-05-19 17:41:58,686: INFO: _internal: [31m[1mWARNING: This is a development server. Do not use it in a production deployment. Use a production WSGI server instead.[0m
 * Running on http://127.0.0.1:5000]
[2026-05-19 17:41:58,687: INFO: _internal: [33mPress CTRL+C to quit[0m]
[2026-05-19 17:41:58,688: INFO: _internal:  * Restarting with stat]
[2026-05-19 17:41:59,516: WARNING: _internal:  * Debugger is active!]
[2026-05-19 17:41:59,519: INFO: _internal:  * Debugger PIN: 679-224-107]
[2026-05-19 17:42:01,549: INFO: _internal: 127.0.0.1 - - [19/May/2026 17:42:01] "GET / HTTP/1.1" 200 -]
[2026-05-19 17:42:01,607: INFO: _internal: 127.0.0.1 - - [19/May/2026 17:42:01] "[36mGET /static/style.css HTTP/1.1[0m" 304 -]
[2026-05-19 17:42:34,191: INFO: _internal: 127.0.0.1 - - [19/May/2026 17:42:34] "POST /predict HTTP/1.1" 200 -]
[2026-05-19 17:42:34,200: INFO: _internal: 127.0.0.1 - - [19/May/2026 17:42:34] "[36mGET /static/style.css HTTP/1.1[0m" 304 -]
[2026-05-19 17:45:04,943: INFO: _internal: 127.0.0.1 - - [19/May/2026 17:45:04] "POST /predict HTTP/1.1" 200 -]
[2026-05-19 17:45:04,953: INFO: _internal: 127.0.0.1 - - [19/May/2026 17:45:04] "[36mGET /static/style.css HTTP/1.1[0m" 304 -]
[2026-05-19 17:46:24,171: INFO: _internal: 127.0.0.1 - - [19/May/2026 17:46:24] "POST /predict HTTP/1.1" 200 -]
[2026-05-19 17:46:24,181: INFO: _internal: 127.0.0.1 - - [19/May/2026 17:46:24] "[36mGET /static/style.css HTTP/1.1[0m" 304 -]
[2026-05-19 17:48:17,571: INFO: _internal: 127.0.0.1 - - [19/May/2026 17:48:17] "POST /predict HTTP/1.1" 200 -]
[2026-05-19 17:48:17,581: INFO: _internal: 127.0.0.1 - - [19/May/2026 17:48:17] "[36mGET /static/style.css HTTP/1.1[0m" 304 -]
[2026-05-19 17:48:48,075: INFO: _internal: 127.0.0.1 - - [19/May/2026 17:48:48] "GET / HTTP/1.1" 200 -]
[2026-05-19 17:48:48,105: INFO: _internal: 127.0.0.1 - - [19/May/2026 17:48:48] "GET /static/style.css HTTP/1.1" 200 -]
[2026-05-19 17:48:48,246: INFO: _internal: 127.0.0.1 - - [19/May/2026 17:48:48] "[33mGET /favicon.ico HTTP/1.1[0m" 404 -]
[2026-05-19 17:50:21,943: INFO: _internal: 127.0.0.1 - - [19/May/2026 17:50:21] "POST /predict HTTP/1.1" 200 -]
[2026-05-19 17:50:21,968: INFO: _internal: 127.0.0.1 - - [19/May/2026 17:50:21] "[36mGET /static/style.css HTTP/1.1[0m" 304 -]
[2026-05-19 17:51:58,625: INFO: _internal: 127.0.0.1 - - [19/May/2026 17:51:58] "POST /predict HTTP/1.1" 200 -]
[2026-05-19 17:51:58,652: INFO: _internal: 127.0.0.1 - - [19/May/2026 17:51:58] "[36mGET /static/style.css HTTP/1.1[0m" 304 -]
[2026-05-19 17:54:32,173: INFO: _internal: 127.0.0.1 - - [19/May/2026 17:54:32] "POST /predict HTTP/1.1" 200 -]
[2026-05-19 17:54:32,199: INFO: _internal: 127.0.0.1 - - [19/May/2026 17:54:32] "[36mGET /static/style.css HTTP/1.1[0m" 304 -]
[2026-05-19 17:56:42,215: INFO: _internal: [31m[1mWARNING: This is a development server. Do not use it in a production deployment. Use a production WSGI server instead.[0m
 * Running on http://127.0.0.1:5000]
[2026-05-19 17:56:42,215: INFO: _internal: [33mPress CTRL+C to quit[0m]
[2026-05-19 17:56:42,217: INFO: _internal:  * Restarting with stat]
[2026-05-19 17:56:43,035: WARNING: _internal:  * Debugger is active!]
[2026-05-19 17:56:43,038: INFO: _internal:  * Debugger PIN: 679-224-107]
[2026-05-19 17:56:47,578: INFO: _internal: 127.0.0.1 - - [19/May/2026 17:56:47] "POST /predict HTTP/1.1" 200 -]
[2026-05-19 17:56:47,631: INFO: _internal: 127.0.0.1 - - [19/May/2026 17:56:47] "[36mGET /static/style.css HTTP/1.1[0m" 304 -]
[2026-05-19 17:56:51,438: INFO: _internal: 127.0.0.1 - - [19/May/2026 17:56:51] "POST /predict HTTP/1.1" 200 -]
[2026-05-19 17:56:51,463: INFO: _internal: 127.0.0.1 - - [19/May/2026 17:56:51] "[36mGET /static/style.css HTTP/1.1[0m" 304 -]
[2026-05-19 17:56:56,347: INFO: _internal: 127.0.0.1 - - [19/May/2026 17:56:56] "GET / HTTP/1.1" 200 -]
[2026-05-19 17:56:56,387: INFO: _internal: 127.0.0.1 - - [19/May/2026 17:56:56] "[36mGET /static/style.css HTTP/1.1[0m" 304 -]
[2026-05-19 17:56:56,444: INFO: _internal: 127.0.0.1 - - [19/May/2026 17:56:56] "[36mGET /static/style.css HTTP/1.1[0m" 304 -]
[2026-05-19 17:57:13,374: INFO: main: >>>>>>> stage Data Ingestion Stage started <<<<<<<]
[2026-05-19 17:57:13,378: INFO: common: yaml file: config\config.yaml loaded successfully]
[2026-05-19 17:57:13,379: INFO: common: yaml file: params.yaml loaded successfully]
[2026-05-19 17:57:13,381: INFO: common: yaml file: schema.yaml loaded successfully]
[2026-05-19 17:57:13,382: INFO: common: created directory at: artifacts]
[2026-05-19 17:57:13,382: INFO: common: created directory at: artifacts/data_ingestion]
[2026-05-19 17:57:14,428: INFO: data_ingestion: artifacts/data_ingestion/data.csv download! with following info: 
Access-Control-Allow-Origin: https://render.githubusercontent.com
content-disposition: attachment; filename=datasets-main.zip
Content-Security-Policy: default-src 'none'; style-src 'unsafe-inline'; sandbox
Content-Type: application/zip
cross-origin-resource-policy: cross-origin
ETag: "de84c1db40485c25e50b8b9eb0b8a35d45091a21cf556292f3de0f143561abc3"
Strict-Transport-Security: max-age=31536000
Vary: Authorization,Accept-Encoding
X-Content-Type-Options: nosniff
X-Frame-Options: deny
X-XSS-Protection: 1; mode=block
Date: Tue, 19 May 2026 12:27:21 GMT
Transfer-Encoding: chunked
X-GitHub-Request-Id: 339A:1001F6:1C3EE:BB8DE:6A0C5729
connection: close

]
[2026-05-19 17:57:14,430: INFO: data_ingestion_pipeline: >>>>>>> stage Data Ingestion Stage completed <<<<<<<

x==========x]
[2026-05-19 17:57:14,430: INFO: main: >>>>>>> stage Data Ingestion Stage completed <<<<<<<

x==========x]
[2026-05-19 17:57:14,430: INFO: main: >>>>>>> stage Data Validation Stage started <<<<<<<]
[2026-05-19 17:57:14,434: INFO: common: yaml file: config\config.yaml loaded successfully]
[2026-05-19 17:57:14,435: INFO: common: yaml file: params.yaml loaded successfully]
[2026-05-19 17:57:14,437: INFO: common: yaml file: schema.yaml loaded successfully]
[2026-05-19 17:57:14,437: INFO: common: created directory at: artifacts]
[2026-05-19 17:57:14,438: INFO: common: created directory at: artifacts/data_validation]
[2026-05-19 17:57:14,444: ERROR: data_validation: 'Index' object has no attribute 'lower']
Traceback (most recent call last):
  File "E:\PROJECT\lap price pred\src\laptop_price_prediction\components\data_validation.py", line 19, in validate_data
    actual_columns = set(data.columns.lower())
AttributeError: 'Index' object has no attribute 'lower'
[2026-05-19 17:57:14,447: INFO: main: >>>>>>> stage Data Validation Stage completed <<<<<<<

x==========x]
[2026-05-19 17:57:14,447: INFO: main: >>>>>>> stage Data Transformation Stage started <<<<<<<]
[2026-05-19 17:57:14,451: INFO: common: yaml file: config\config.yaml loaded successfully]
[2026-05-19 17:57:14,452: INFO: common: yaml file: params.yaml loaded successfully]
[2026-05-19 17:57:14,454: INFO: common: yaml file: schema.yaml loaded successfully]
[2026-05-19 17:57:14,454: INFO: common: created directory at: artifacts]
[2026-05-19 17:57:14,455: INFO: common: created directory at: artifacts/data_transformation]
[2026-05-19 17:57:14,510: INFO: data_transformation: Data transformation successful!]
[2026-05-19 17:57:14,562: INFO: data_transformation: Data transformation successful!]
[2026-05-19 17:57:14,578: INFO: data_transformation: Data split successful!]
[2026-05-19 17:57:14,578: INFO: main: >>>>>>> stage Data Transformation Stage completed <<<<<<<

x==========x]
[2026-05-19 17:57:14,578: INFO: main: >>>>>>> stage Model Trainer Stage started <<<<<<<]
[2026-05-19 17:57:14,581: INFO: common: yaml file: config\config.yaml loaded successfully]
[2026-05-19 17:57:14,583: INFO: common: yaml file: params.yaml loaded successfully]
[2026-05-19 17:57:14,584: INFO: common: yaml file: schema.yaml loaded successfully]
[2026-05-19 17:57:14,585: INFO: common: created directory at: artifacts]
[2026-05-19 17:57:14,585: INFO: common: created directory at: artifacts/model_trainer]
[2026-05-19 17:57:14,585: INFO: model_trainer: Loading training data...]
[2026-05-19 17:57:14,590: INFO: model_trainer: Loading testing data...]
[2026-05-19 17:57:14,593: INFO: model_trainer: Training the XGBoost model...]
[2026-05-19 17:57:16,127: INFO: model_trainer: Saving the trained model...]
[2026-05-19 17:57:16,181: INFO: main: >>>>>>> stage Model Trainer Stage completed <<<<<<<

x==========x]
[2026-05-19 17:57:16,181: INFO: main: >>>>>>> stage Model Evaluation Stage started <<<<<<<]
[2026-05-19 17:57:16,187: INFO: common: yaml file: config\config.yaml loaded successfully]
[2026-05-19 17:57:16,190: INFO: common: yaml file: params.yaml loaded successfully]
[2026-05-19 17:57:16,194: INFO: common: yaml file: schema.yaml loaded successfully]
[2026-05-19 17:57:16,195: INFO: common: created directory at: artifacts]
[2026-05-19 17:57:16,195: INFO: common: created directory at: artifacts/model_evaluation]
[2026-05-19 17:57:17,879: INFO: common: json file saved at: artifacts\model_evaluation\metrics.json]
[2026-05-19 17:57:38,718: INFO: main: >>>>>>> stage Model Evaluation Stage completed <<<<<<<

x==========x]
[2026-05-19 17:57:39,054: INFO: _internal: 127.0.0.1 - - [19/May/2026 17:57:39] "GET /train HTTP/1.1" 200 -]
